bvid,source_type,source_ref,discovered_at,last_seen_at,owner_mid,tid,pubdate,duration_seconds,seed_score,source_refs
BV1jwQJB5EMA,author_expand,owner:3670216,2026-04-15T10:06:40.036042+00:00,2026-04-15T10:06:40.036042+00:00,3670216,137,2026-04-15T10:00:00+00:00,134,14502.0,owner:3670216
BV1No6FB1EU1,author_expand,owner:7584632,2026-04-15T10:07:03.074420+00:00,2026-04-15T10:07:03.074420+00:00,7584632,178,2026-04-15T10:00:02+00:00,2523,576.0,owner:7584632
BV1PK2kBGEHg,author_expand,owner:7584632,2026-04-15T10:07:03.074420+00:00,2026-04-15T10:07:03.074420+00:00,7584632,180,2026-04-15T10:00:01+00:00,1486,130.0,owner:7584632
BV1xgQeBNEnD,author_expand,owner:7584632,2026-04-15T10:07:03.074420+00:00,2026-04-15T10:07:03.074420+00:00,7584632,180,2026-04-15T02:05:02+00:00,1323,2845.0,owner:7584632
BV16CQvBhEGJ,author_expand,owner:7584632,2026-04-15T10:07:03.074420+00:00,2026-04-15T10:07:03.074420+00:00,7584632,184,2026-04-15T01:59:02+00:00,70,108012.0,owner:7584632
BV1vvPZzJEuc,author_expand,owner:7584632,2026-04-15T10:07:03.074420+00:00,2026-04-15T10:07:03.074420+00:00,7584632,180,2026-04-14T11:00:02+00:00,1214,13905.0,owner:7584632
BV1xvA8zQEKe,author_expand,owner:7584632,2026-04-15T10:07:03.074420+00:00,2026-04-15T10:07:03.074420+00:00,7584632,180,2026-04-14T10:31:01+00:00,2608,9535.0,owner:7584632
BV1sqA8znEAa,author_expand,owner:7584632,2026-04-15T10:07:03.074420+00:00,2026-04-15T10:07:03.074420+00:00,7584632,180,2026-04-14T10:30:02+00:00,2608,10428.0,owner:7584632
BV1Z5QjBBEWC,author_expand,owner:20165629,2026-04-15T10:07:13.954416+00:00,2026-04-15T10:07:13.954416+00:00,20165629,232,2026-04-15T07:25:21+00:00,519,9296.0,owner:20165629
BV17qQ7BkEMq,author_expand,owner:20165629,2026-04-15T10:07:13.954416+00:00,2026-04-15T10:07:13.954416+00:00,20165629,232,2026-04-15T03:53:16+00:00,165,44865.0,owner:20165629
BV1zLQEB1EAo,author_expand,owner:50329118,2026-04-15T10:09:05.414058+00:00,2026-04-15T10:09:05.414058+00:00,50329118,171,2026-04-15T10:05:01+00:00,4096,1463.0,owner:50329118
BV1WhQgBYExp,author_expand,owner:50329118,2026-04-15T10:09:05.414058+00:00,2026-04-15T10:09:05.414058+00:00,50329118,171,2026-04-14T10:58:16+00:00,9211,126821.0,owner:50329118
BV1HyQ5BgEgo,author_expand,owner:1340190821,2026-04-15T10:09:55.811209+00:00,2026-04-15T10:09:55.811209+00:00,1340190821,172,2026-04-15T04:00:00+00:00,1075,1668170.0,owner:1340190821
BV11CQEB4ESU,author_expand,owner:10119428,2026-04-15T10:10:28.645913+00:00,2026-04-15T10:10:28.645913+00:00,10119428,182,2026-04-15T09:42:21+00:00,3326,17979.0,owner:10119428
BV15KQJBrETM,author_expand,owner:10330740,2026-04-15T10:10:30.848435+00:00,2026-04-15T10:10:30.848435+00:00,10330740,124,2026-04-15T08:37:27+00:00,22,27026.0,owner:10330740
BV1VMQJBgEkB,author_expand,owner:10330740,2026-04-15T10:10:30.848435+00:00,2026-04-15T10:10:30.848435+00:00,10330740,124,2026-04-15T08:32:17+00:00,28,19483.0,owner:10330740
BV1E3QjBrEQB,author_expand,owner:10330740,2026-04-15T10:10:30.848435+00:00,2026-04-15T10:10:30.848435+00:00,10330740,124,2026-04-15T06:46:10+00:00,6711,4629.0,owner:10330740
BV13WQ5BREMB,author_expand,owner:10330740,2026-04-15T10:10:30.848435+00:00,2026-04-15T10:10:30.848435+00:00,10330740,124,2026-04-15T02:18:14+00:00,9,26015.0,owner:10330740
BV1oTQGBoErY,author_expand,owner:10330740,2026-04-15T10:10:30.848435+00:00,2026-04-15T10:10:30.848435+00:00,10330740,124,2026-04-14T14:48:41+00:00,7497,13846.0,owner:10330740
BV1d3QvBpEqB,author_expand,owner:10330740,2026-04-15T10:10:30.848435+00:00,2026-04-15T10:10:30.848435+00:00,10330740,124,2026-04-14T12:00:00+00:00,3589,23837.0,owner:10330740
BV1JLDvBoEtk,author_expand,owner:15773384,2026-04-15T10:10:55.069893+00:00,2026-04-15T10:10:55.069893+00:00,15773384,145,2026-04-15T10:00:02+00:00,5860,1189.0,owner:15773384
BV1Q6QsBXERR,author_expand,owner:15773384,2026-04-15T10:10:55.069893+00:00,2026-04-15T10:10:55.069893+00:00,15773384,145,2026-04-15T03:00:02+00:00,5343,5682.0,owner:15773384
BV1HqQgBbEPk,author_expand,owner:98627270,2026-04-15T10:11:18.942703+00:00,2026-04-15T10:11:18.942703+00:00,98627270,170,2026-04-15T04:00:02+00:00,38,2297.0,owner:98627270
BV1JCQGBAEz8,author_expand,owner:98627270,2026-04-15T10:11:18.942703+00:00,2026-04-15T10:11:18.942703+00:00,98627270,170,2026-04-15T03:30:02+00:00,71,23004.0,owner:98627270
BV1kqQGBTEdY,author_expand,owner:98627270,2026-04-15T10:11:18.942703+00:00,2026-04-15T10:11:18.942703+00:00,98627270,170,2026-04-15T02:00:02+00:00,39,63688.0,owner:98627270
BV1pBQGBiEFh,author_expand,owner:98627270,2026-04-15T10:11:18.942703+00:00,2026-04-15T10:11:18.942703+00:00,98627270,153,2026-04-15T02:00:01+00:00,1186,245114.0,owner:98627270
BV1G8QEBTESh,author_expand,owner:373388923,2026-04-15T10:12:03.970111+00:00,2026-04-15T10:12:03.970111+00:00,373388923,85,2026-04-15T09:13:44+00:00,223,88951.0,owner:373388923
BV1nsQiBYExu,author_expand,owner:392836434,2026-04-15T10:13:31.890037+00:00,2026-04-15T10:13:31.890037+00:00,3493273255544847,171,2026-04-14T10:00:00+00:00,185,47127.0,owner:392836434
BV1HSQEBpEXD,author_expand,owner:1027737427,2026-04-15T10:14:17.601913+00:00,2026-04-15T10:14:17.601913+00:00,1027737427,21,2026-04-15T09:24:15+00:00,2912,33124.0,owner:1027737427
BV14sQgBqEUv,author_expand,owner:36081646,2026-04-15T10:16:56.698077+00:00,2026-04-15T10:16:56.698077+00:00,36081646,30,2026-04-14T10:05:28+00:00,15,51998.0,owner:36081646
BV1mrQEBZEWr,author_expand,owner:222103174,2026-04-15T10:17:41.691768+00:00,2026-04-15T10:17:41.691768+00:00,222103174,21,2026-04-15T09:45:33+00:00,845,2101.0,owner:222103174
BV1JoQEBmEWo,author_expand,owner:222103174,2026-04-15T10:17:41.691768+00:00,2026-04-15T10:17:41.691768+00:00,222103174,21,2026-04-15T08:07:41+00:00,373,6514.0,owner:222103174
BV1F3QjBrEY2,author_expand,owner:222103174,2026-04-15T10:17:41.691768+00:00,2026-04-15T10:17:41.691768+00:00,222103174,21,2026-04-15T06:48:17+00:00,301,7872.0,owner:222103174
BV14zQjBHEE4,author_expand,owner:222103174,2026-04-15T10:17:41.691768+00:00,2026-04-15T10:17:41.691768+00:00,222103174,21,2026-04-15T06:19:31+00:00,572,9550.0,owner:222103174
BV1aWQ5B9EsJ,author_expand,owner:222103174,2026-04-15T10:17:41.691768+00:00,2026-04-15T10:17:41.691768+00:00,222103174,21,2026-04-15T02:22:08+00:00,307,25001.0,owner:222103174
BV1bsQGBLEfD,author_expand,owner:222103174,2026-04-15T10:17:41.691768+00:00,2026-04-15T10:17:41.691768+00:00,222103174,21,2026-04-14T13:58:51+00:00,878,88628.0,owner:222103174
BV19hQuBCEa8,author_expand,owner:222103174,2026-04-15T10:17:41.691768+00:00,2026-04-15T10:17:41.691768+00:00,222103174,21,2026-04-14T12:35:40+00:00,40,5793.0,owner:222103174
BV1GiQuB3EPj,author_expand,owner:222103174,2026-04-15T10:17:41.691768+00:00,2026-04-15T10:17:41.691768+00:00,222103174,21,2026-04-14T12:25:00+00:00,16,23809.0,owner:222103174
BV1pmQEB9Ezr,author_expand,owner:321422126,2026-04-15T10:17:43.707057+00:00,2026-04-15T10:17:43.707057+00:00,321422126,138,2026-04-15T09:27:54+00:00,92,4960.0,owner:321422126
BV11DQ3BBEca,author_expand,owner:11125629,2026-04-15T10:22:32.048355+00:00,2026-04-15T10:22:32.048355+00:00,11125629,228,2026-04-15T10:00:00+00:00,2318,1769.0,owner:11125629
BV19BQVBsEXH,author_expand,owner:11429061,2026-04-15T10:22:42.023259+00:00,2026-04-15T10:22:42.023259+00:00,11429061,76,2026-04-15T06:30:00+00:00,69,32961.0,owner:11429061
BV1u8Q5BDE8z,author_expand,owner:196356191,2026-04-15T10:24:18.375870+00:00,2026-04-15T10:24:18.375870+00:00,196356191,213,2026-04-15T10:00:00+00:00,318,10207.0,owner:196356191
BV1iwQJB5E11,author_expand,owner:211005705,2026-04-15T10:24:20.493357+00:00,2026-04-15T10:24:20.493357+00:00,211005705,172,2026-04-15T08:00:00+00:00,76,37038.0,owner:211005705
BV1NnQ7BWENT,author_expand,owner:211005705,2026-04-15T10:24:20.493357+00:00,2026-04-15T10:24:20.493357+00:00,211005705,172,2026-04-15T04:00:00+00:00,407,372924.0,owner:211005705
BV1LmQgBQEvG,author_expand,owner:211005705,2026-04-15T10:24:20.493357+00:00,2026-04-15T10:24:20.493357+00:00,211005705,172,2026-04-14T09:30:00+00:00,193,257423.0,owner:211005705
BV1K2QuBeE4e,author_expand,owner:1343321779,2026-04-15T10:24:51.833419+00:00,2026-04-15T10:24:51.833419+00:00,1343321779,251,2026-04-14T13:19:35+00:00,139,349830.0,owner:1343321779
BV1ahQEBvEmv,author_expand,owner:3493260093819171,2026-04-15T10:26:18.887657+00:00,2026-04-15T10:26:18.887657+00:00,3493260093819171,76,2026-04-15T09:06:25+00:00,191,29713.0,owner:3493260093819171
BV1s2QEBsEWH,author_expand,owner:3546630773016865,2026-04-15T10:26:29.032341+00:00,2026-04-15T10:26:29.032341+00:00,3546630773016865,137,2026-04-15T10:00:00+00:00,227,29712.0,owner:3546630773016865
BV1bzQEBFEKm,author_expand,owner:19319172,2026-04-15T10:28:56.492442+00:00,2026-04-15T10:28:56.492442+00:00,19319172,201,2026-04-15T10:20:00+00:00,705,4505.0,owner:19319172
BV1JVQjBgESU,author_expand,owner:29296192,2026-04-15T10:28:58.391008+00:00,2026-04-15T10:28:58.391008+00:00,29296192,182,2026-04-15T09:20:00+00:00,1368,18397.0,owner:29296192
BV1z5QtBMEHq,author_expand,owner:339233162,2026-04-15T10:29:07.084863+00:00,2026-04-15T10:29:07.084863+00:00,339233162,228,2026-04-14T10:00:00+00:00,1454,262410.0,owner:339233162
BV1BmQvBZEwh,author_expand,owner:703186600,2026-04-15T10:29:39.935502+00:00,2026-04-15T10:29:39.935502+00:00,703186600,124,2026-04-14T09:42:15+00:00,1072,1254563.0,owner:703186600
BV1atQjBfEFd,author_expand,owner:433351,2026-04-15T10:30:32.802657+00:00,2026-04-15T10:30:32.802657+00:00,433351,17,2026-04-15T05:41:54+00:00,846,86877.0,owner:433351
BV16MQjBkEJf,author_expand,owner:21778636,2026-04-15T10:31:31.902005+00:00,2026-04-15T10:31:31.902005+00:00,21778636,21,2026-04-15T06:34:30+00:00,99,3308.0,owner:21778636
BV1FnQ3BFEre,author_expand,owner:45107914,2026-04-15T10:31:41.162368+00:00,2026-04-15T10:31:41.162368+00:00,45107914,17,2026-04-14T18:07:42+00:00,6246,64240.0,owner:45107914
BV1jbQ3B9EoB,author_expand,owner:268941858,2026-04-15T10:33:13.312243+00:00,2026-04-15T10:33:13.312243+00:00,268941858,172,2026-04-15T01:00:00+00:00,193,388003.0,owner:268941858
BV1cYQ7BLEsR,author_expand,owner:296092268,2026-04-15T10:33:15.614546+00:00,2026-04-15T10:33:15.614546+00:00,296092268,138,2026-04-15T04:04:59+00:00,87,21741.0,owner:296092268
BV1dfQjBBE9H,author_expand,owner:1379165407,2026-04-15T10:34:03.838965+00:00,2026-04-15T10:34:03.838965+00:00,1379165407,138,2026-04-15T09:00:00+00:00,1432,39746.0,owner:1379165407
BV1CoQ3BeE6K,author_expand,owner:632887,2026-04-15T10:35:24.857566+00:00,2026-04-15T10:35:24.857566+00:00,632887,20,2026-04-15T10:00:00+00:00,64,12924.0,owner:632887
BV1Q1QLBtEu8,author_expand,owner:20457232,2026-04-15T10:35:33.140510+00:00,2026-04-15T10:35:33.140510+00:00,20457232,241,2026-04-14T22:36:57+00:00,497,364985.0,owner:20457232
BV185QJBKEZK,author_expand,owner:34009507,2026-04-15T10:36:16.524565+00:00,2026-04-15T10:36:16.524565+00:00,34009507,85,2026-04-15T08:14:01+00:00,159,55519.0,owner:34009507
BV15DQgBSEjF,author_expand,owner:178690106,2026-04-15T10:36:18.407833+00:00,2026-04-15T10:36:18.407833+00:00,178690106,95,2026-04-15T04:00:00+00:00,460,74559.0,owner:178690106
BV1NJQLBjEhX,author_expand,owner:498099165,2026-04-15T10:37:54.908393+00:00,2026-04-15T10:37:54.908393+00:00,498099165,252,2026-04-15T02:30:00+00:00,167,155345.0,owner:498099165
BV1VuQJBzEgh,author_expand,owner:1497463202,2026-04-15T10:38:40.101531+00:00,2026-04-15T10:38:40.101531+00:00,1497463202,208,2026-04-15T08:44:00+00:00,447,1497.0,owner:1497463202
BV1EXQjBkEQa,author_expand,owner:1497463202,2026-04-15T10:38:40.101531+00:00,2026-04-15T10:38:40.101531+00:00,1497463202,208,2026-04-15T04:32:10+00:00,163,2721.0,owner:1497463202
BV1cfQaB9EG1,author_expand,owner:942755,2026-04-15T10:40:21.795103+00:00,2026-04-15T10:40:21.795103+00:00,942755,182,2026-04-14T10:00:00+00:00,3980,58948.0,owner:942755
BV1NeQGBgE3Q,author_expand,owner:8263502,2026-04-15T10:40:32.125354+00:00,2026-04-15T10:40:32.125354+00:00,8263502,164,2026-04-14T14:24:38+00:00,587,105133.0,owner:8263502
BV1eVQGBXEeS,author_expand,owner:16720403,2026-04-15T10:41:22.072424+00:00,2026-04-15T10:41:22.072424+00:00,16720403,193,2026-04-14T15:41:49+00:00,183,11732.0,owner:16720403
BV1hJQGBUEtp,author_expand,owner:16720403,2026-04-15T10:41:22.072424+00:00,2026-04-15T10:41:22.072424+00:00,16720403,193,2026-04-14T15:21:13+00:00,142,52142.0,owner:16720403
BV16GQEBmE3Q,author_expand,owner:302338318,2026-04-15T10:41:36.277812+00:00,2026-04-15T10:41:36.277812+00:00,302338318,138,2026-04-15T09:59:23+00:00,221,8908.0,owner:302338318
BV1pHQVBTE6F,author_expand,owner:474803476,2026-04-15T10:43:06.627873+00:00,2026-04-15T10:43:06.627873+00:00,474803476,76,2026-04-15T09:00:00+00:00,374,21460.0,owner:474803476
BV1t6QEBbEPy,author_expand,owner:649661652,2026-04-15T10:43:24.929681+00:00,2026-04-15T10:43:24.929681+00:00,649661652,215,2026-04-15T09:30:00+00:00,311,57638.0,owner:649661652
BV1Q6Q3BLE4U,author_expand,owner:1629347259,2026-04-15T10:43:51.811969+00:00,2026-04-15T10:43:51.811969+00:00,1629347259,17,2026-04-15T04:00:00+00:00,517,76257.0,owner:1629347259
BV1n1Q5BzEzX,author_expand,owner:174949313,2026-04-15T10:44:47.813348+00:00,2026-04-15T10:44:47.813348+00:00,174949313,214,2026-04-15T04:26:00+00:00,419,5708.0,owner:174949313
BV135QJBKE5E,author_expand,owner:189866857,2026-04-15T10:45:08.856504+00:00,2026-04-15T10:45:08.856504+00:00,189866857,205,2026-04-15T09:00:00+00:00,28,2081.0,owner:189866857
BV1h8QjBtETK,author_expand,owner:189866857,2026-04-15T10:45:08.856504+00:00,2026-04-15T10:45:08.856504+00:00,189866857,205,2026-04-15T06:00:00+00:00,45,4673.0,owner:189866857
BV1eKQJBrEvv,author_expand,owner:316627722,2026-04-15T10:45:11.230998+00:00,2026-04-15T10:45:11.230998+00:00,316627722,228,2026-04-15T10:00:00+00:00,766,69389.0,owner:316627722
BV1NyQEBoEKJ,author_expand,owner:327757321,2026-04-15T10:45:13.921494+00:00,2026-04-15T10:45:13.921494+00:00,327757321,21,2026-04-15T09:53:26+00:00,1914,35223.0,owner:327757321
BV1JSQxBiE9a,author_expand,owner:451296298,2026-04-15T10:45:26.937455+00:00,2026-04-15T10:45:26.937455+00:00,451296298,153,2026-04-14T11:00:02+00:00,84,23325.0,owner:451296298
BV18FQ3BCEZk,author_expand,owner:489763089,2026-04-15T10:46:10.724740+00:00,2026-04-15T10:46:10.724740+00:00,489763089,201,2026-04-14T11:12:11+00:00,238,177459.0,owner:489763089
BV1EmQ5BMEdD,author_expand,owner:652239032,2026-04-15T10:47:38.163350+00:00,2026-04-15T10:47:38.163350+00:00,652239032,17,2026-04-15T10:05:00+00:00,518,3422.0,owner:652239032
BV1ryQ5BgERJ,author_expand,owner:652239032,2026-04-15T10:47:38.163350+00:00,2026-04-15T10:47:38.163350+00:00,652239032,17,2026-04-15T09:05:00+00:00,76,3587.0,owner:652239032
BV18xQ5BpE9Y,author_expand,owner:652239032,2026-04-15T10:47:38.163350+00:00,2026-04-15T10:47:38.163350+00:00,652239032,17,2026-04-15T08:05:00+00:00,121,5019.0,owner:652239032
BV11vQ5BjEfg,author_expand,owner:652239032,2026-04-15T10:47:38.163350+00:00,2026-04-15T10:47:38.163350+00:00,652239032,17,2026-04-15T07:05:00+00:00,41,6115.0,owner:652239032
BV1maQ5BEEVL,author_expand,owner:652239032,2026-04-15T10:47:38.163350+00:00,2026-04-15T10:47:38.163350+00:00,652239032,17,2026-04-15T06:05:00+00:00,421,10549.0,owner:652239032
BV1xEQ7BREXm,author_expand,owner:652239032,2026-04-15T10:47:38.163350+00:00,2026-04-15T10:47:38.163350+00:00,652239032,17,2026-04-15T05:05:00+00:00,1635,11371.0,owner:652239032
BV1ZQQ5BvEYE,author_expand,owner:652239032,2026-04-15T10:47:38.163350+00:00,2026-04-15T10:47:38.163350+00:00,652239032,17,2026-04-15T04:05:00+00:00,1144,15335.0,owner:652239032
BV1uMQLB9Esc,author_expand,owner:652239032,2026-04-15T10:47:38.163350+00:00,2026-04-15T10:47:38.163350+00:00,652239032,17,2026-04-15T03:05:00+00:00,99,9093.0,owner:652239032
BV1MgQLBpEuL,author_expand,owner:652239032,2026-04-15T10:47:38.163350+00:00,2026-04-15T10:47:38.163350+00:00,652239032,184,2026-04-15T02:05:00+00:00,47,19889.0,owner:652239032
BV19FQLBFEus,author_expand,owner:652239032,2026-04-15T10:47:38.163350+00:00,2026-04-15T10:47:38.163350+00:00,652239032,17,2026-04-15T01:00:16+00:00,130,89986.0,owner:652239032
BV1z2QvBbEg9,author_expand,owner:652239032,2026-04-15T10:47:38.163350+00:00,2026-04-15T10:47:38.163350+00:00,652239032,17,2026-04-14T12:05:00+00:00,460,38404.0,owner:652239032
BV1DcQeB3EV4,author_expand,owner:652239032,2026-04-15T10:47:38.163350+00:00,2026-04-15T10:47:38.163350+00:00,652239032,17,2026-04-14T11:05:00+00:00,96,10629.0,owner:652239032
BV1ckQvBAEaZ,author_expand,owner:652239032,2026-04-15T10:47:38.163350+00:00,2026-04-15T10:47:38.163350+00:00,652239032,17,2026-04-14T10:05:00+00:00,2195,35882.0,owner:652239032
BV18HQGB7E6Z,author_expand,owner:1745143606,2026-04-15T10:48:00.419699+00:00,2026-04-15T10:48:00.419699+00:00,1745143606,176,2026-04-15T01:00:00+00:00,642,99584.0,owner:1745143606
BV1mkQuBKEsR,author_expand,owner:3546756077848946,2026-04-15T10:48:19.317867+00:00,2026-04-15T10:48:19.317867+00:00,3546756077848946,201,2026-04-14T13:18:32+00:00,43,54656.0,owner:3546756077848946
BV1hhQEBvEeW,author_expand,owner:105022844,2026-04-15T10:49:16.748187+00:00,2026-04-15T10:49:16.748187+00:00,105022844,171,2026-04-15T09:12:51+00:00,6367,9787.0,owner:105022844
BV1BVQjBuEnc,author_expand,owner:105022844,2026-04-15T10:49:16.748187+00:00,2026-04-15T10:49:16.748187+00:00,105022844,171,2026-04-15T06:42:08+00:00,11327,42432.0,owner:105022844
BV1wkQ5BkEqG,author_expand,owner:105022844,2026-04-15T10:49:16.748187+00:00,2026-04-15T10:49:16.748187+00:00,105022844,171,2026-04-15T02:39:02+00:00,448,8308.0,owner:105022844
BV1fPQGBfEAz,author_expand,owner:105022844,2026-04-15T10:49:16.748187+00:00,2026-04-15T10:49:16.748187+00:00,105022844,171,2026-04-14T14:35:28+00:00,272,21514.0,owner:105022844
BV1ttQGBVENZ,author_expand,owner:105022844,2026-04-15T10:49:16.748187+00:00,2026-04-15T10:49:16.748187+00:00,105022844,171,2026-04-14T13:35:02+00:00,11461,70176.0,owner:105022844
BV1vKQgBSE2g,author_expand,owner:105022844,2026-04-15T10:49:16.748187+00:00,2026-04-15T10:49:16.748187+00:00,105022844,171,2026-04-14T12:09:07+00:00,6290,84785.0,owner:105022844
BV1cDQEBXEzL,author_expand,owner:271970833,2026-04-15T10:50:33.613116+00:00,2026-04-15T10:50:33.613116+00:00,271970833,197,2026-04-15T09:56:25+00:00,0,40.0,owner:271970833
BV1ksQ4BrENn,author_expand,owner:271970833,2026-04-15T10:50:33.613116+00:00,2026-04-15T10:50:33.613116+00:00,271970833,208,2026-04-15T00:30:00+00:00,985,2000.0,owner:271970833
BV19jQ5BbE12,author_expand,owner:294675407,2026-04-15T10:52:00.451856+00:00,2026-04-15T10:52:00.451856+00:00,294675407,76,2026-04-15T02:30:00+00:00,86,3941.0,owner:294675407
BV1R4QEBME5L,author_expand,owner:522653994,2026-04-15T10:55:02.444984+00:00,2026-04-15T10:55:02.444984+00:00,522653994,205,2026-04-15T10:42:50+00:00,28,1036.0,owner:522653994
BV1wuQEBDE9V,author_expand,owner:522653994,2026-04-15T10:55:02.444984+00:00,2026-04-15T10:55:02.444984+00:00,522653994,205,2026-04-15T10:21:02+00:00,25,1336.0,owner:522653994
BV11NQEBpEHw,author_expand,owner:522653994,2026-04-15T10:55:02.444984+00:00,2026-04-15T10:55:02.444984+00:00,522653994,205,2026-04-15T10:17:07+00:00,26,1015.0,owner:522653994
BV1r3QEBEEkH,author_expand,owner:522653994,2026-04-15T10:55:02.444984+00:00,2026-04-15T10:55:02.444984+00:00,522653994,205,2026-04-15T10:00:16+00:00,34,1164.0,owner:522653994
BV1HXQEBnEmQ,author_expand,owner:522653994,2026-04-15T10:55:02.444984+00:00,2026-04-15T10:55:02.444984+00:00,522653994,205,2026-04-15T09:32:22+00:00,33,1177.0,owner:522653994
BV1CSQEBpEbN,author_expand,owner:522653994,2026-04-15T10:55:02.444984+00:00,2026-04-15T10:55:02.444984+00:00,522653994,205,2026-04-15T09:21:28+00:00,27,1045.0,owner:522653994
BV1WSQEBpE6x,author_expand,owner:522653994,2026-04-15T10:55:02.444984+00:00,2026-04-15T10:55:02.444984+00:00,522653994,205,2026-04-15T09:19:37+00:00,20,920.0,owner:522653994
BV18iQEBwE16,author_expand,owner:522653994,2026-04-15T10:55:02.444984+00:00,2026-04-15T10:55:02.444984+00:00,522653994,205,2026-04-15T08:51:08+00:00,23,1616.0,owner:522653994
BV1bqQEBhEdS,author_expand,owner:522653994,2026-04-15T10:55:02.444984+00:00,2026-04-15T10:55:02.444984+00:00,522653994,205,2026-04-15T08:47:00+00:00,13,788.0,owner:522653994
BV15uQJBzEME,author_expand,owner:522653994,2026-04-15T10:55:02.444984+00:00,2026-04-15T10:55:02.444984+00:00,522653994,205,2026-04-15T08:44:41+00:00,27,749.0,owner:522653994
BV1V3QJBMEja,author_expand,owner:522653994,2026-04-15T10:55:02.444984+00:00,2026-04-15T10:55:02.444984+00:00,522653994,205,2026-04-15T08:40:19+00:00,20,913.0,owner:522653994
BV1V3QJBMEtj,author_expand,owner:522653994,2026-04-15T10:55:02.444984+00:00,2026-04-15T10:55:02.444984+00:00,522653994,205,2026-04-15T08:38:39+00:00,28,531.0,owner:522653994
BV1vKQJBrEUB,author_expand,owner:522653994,2026-04-15T10:55:02.444984+00:00,2026-04-15T10:55:02.444984+00:00,522653994,205,2026-04-15T08:36:41+00:00,48,10816.0,owner:522653994
BV19MQJBMErC,author_expand,owner:522653994,2026-04-15T10:55:02.444984+00:00,2026-04-15T10:55:02.444984+00:00,522653994,205,2026-04-15T08:33:06+00:00,33,638.0,owner:522653994
BV1Q5QJBKE5n,author_expand,owner:522653994,2026-04-15T10:55:02.444984+00:00,2026-04-15T10:55:02.444984+00:00,522653994,205,2026-04-15T08:13:13+00:00,60,2415.0,owner:522653994
BV1ndQEBEEWo,author_expand,owner:522653994,2026-04-15T10:55:02.444984+00:00,2026-04-15T10:55:02.444984+00:00,522653994,205,2026-04-15T07:56:57+00:00,34,1181.0,owner:522653994
BV1z5QjBBEuV,author_expand,owner:522653994,2026-04-15T10:55:02.444984+00:00,2026-04-15T10:55:02.444984+00:00,522653994,205,2026-04-15T07:27:56+00:00,24,1250.0,owner:522653994
BV1ZjQjBTEox,author_expand,owner:522653994,2026-04-15T10:55:02.444984+00:00,2026-04-15T10:55:02.444984+00:00,522653994,205,2026-04-15T07:24:26+00:00,900,878.0,owner:522653994
BV1PwQjBmEft,author_expand,owner:522653994,2026-04-15T10:55:02.444984+00:00,2026-04-15T10:55:02.444984+00:00,522653994,205,2026-04-15T06:54:35+00:00,39,2357.0,owner:522653994
BV1ywQjB2ELR,author_expand,owner:522653994,2026-04-15T10:55:02.444984+00:00,2026-04-15T10:55:02.444984+00:00,3493265747741189,228,2026-04-15T06:50:14+00:00,1829,6247.0,owner:522653994
BV163QjB6EVF,author_expand,owner:522653994,2026-04-15T10:55:02.444984+00:00,2026-04-15T10:55:02.444984+00:00,522653994,205,2026-04-15T06:45:33+00:00,39,1528.0,owner:522653994
BV1J3QjBrE9i,author_expand,owner:522653994,2026-04-15T10:55:02.444984+00:00,2026-04-15T10:55:02.444984+00:00,522653994,205,2026-04-15T06:43:27+00:00,28,1772.0,owner:522653994
BV163QjBrE2o,author_expand,owner:522653994,2026-04-15T10:55:02.444984+00:00,2026-04-15T10:55:02.444984+00:00,522653994,205,2026-04-15T06:41:46+00:00,25,831.0,owner:522653994
BV1xzQjBHEZ9,author_expand,owner:522653994,2026-04-15T10:55:02.444984+00:00,2026-04-15T10:55:02.444984+00:00,522653994,205,2026-04-15T06:20:13+00:00,26,1218.0,owner:522653994
BV1x6QjBDEPv,author_expand,owner:522653994,2026-04-15T10:55:02.444984+00:00,2026-04-15T10:55:02.444984+00:00,522653994,205,2026-04-15T06:15:07+00:00,36,1165.0,owner:522653994
BV15PQ7BNE7F,author_expand,owner:522653994,2026-04-15T10:55:02.444984+00:00,2026-04-15T10:55:02.444984+00:00,522653994,205,2026-04-15T05:10:55+00:00,7,2533.0,owner:522653994
BV1u5Q7BtEtz,author_expand,owner:522653994,2026-04-15T10:55:02.444984+00:00,2026-04-15T10:55:02.444984+00:00,522653994,205,2026-04-15T04:57:43+00:00,17,3124.0,owner:522653994
BV1ERQjB3Eip,author_expand,owner:522653994,2026-04-15T10:55:02.444984+00:00,2026-04-15T10:55:02.444984+00:00,522653994,205,2026-04-15T04:43:38+00:00,64,1207.0,owner:522653994
BV1EdQjB6Epi,author_expand,owner:522653994,2026-04-15T10:55:02.444984+00:00,2026-04-15T10:55:02.444984+00:00,522653994,205,2026-04-15T04:41:29+00:00,41,737.0,owner:522653994
BV1jcQ7BTEqL,author_expand,owner:522653994,2026-04-15T10:55:02.444984+00:00,2026-04-15T10:55:02.444984+00:00,522653994,205,2026-04-15T04:28:57+00:00,39,8044.0,owner:522653994
BV1jfQjBBEDq,author_expand,owner:522653994,2026-04-15T10:55:02.444984+00:00,2026-04-15T10:55:02.444984+00:00,522653994,205,2026-04-15T04:12:44+00:00,51,411.0,owner:522653994
BV1chQ7B2EXJ,author_expand,owner:522653994,2026-04-15T10:55:02.444984+00:00,2026-04-15T10:55:02.444984+00:00,522653994,205,2026-04-15T04:12:43+00:00,38,1995.0,owner:522653994
BV1cYQ7BLEAz,author_expand,owner:522653994,2026-04-15T10:55:02.444984+00:00,2026-04-15T10:55:02.444984+00:00,522653994,205,2026-04-15T04:05:23+00:00,26,1440.0,owner:522653994
BV1neQ7ByEFD,author_expand,owner:522653994,2026-04-15T10:55:02.444984+00:00,2026-04-15T10:55:02.444984+00:00,522653994,205,2026-04-15T03:45:31+00:00,26,10076.0,owner:522653994
BV1uLQ7BoEAk,author_expand,owner:522653994,2026-04-15T10:55:02.444984+00:00,2026-04-15T10:55:02.444984+00:00,522653994,205,2026-04-15T03:27:53+00:00,26,1805.0,owner:522653994
BV1uLQ7BZE4L,author_expand,owner:522653994,2026-04-15T10:55:02.444984+00:00,2026-04-15T10:55:02.444984+00:00,522653994,205,2026-04-15T03:26:50+00:00,29,490.0,owner:522653994
BV1t7Q7BxEyK,author_expand,owner:522653994,2026-04-15T10:55:02.444984+00:00,2026-04-15T10:55:02.444984+00:00,522653994,205,2026-04-15T03:25:54+00:00,38,1591.0,owner:522653994
BV1bLQ7BoE8X,author_expand,owner:522653994,2026-04-15T10:55:02.444984+00:00,2026-04-15T10:55:02.444984+00:00,522653994,205,2026-04-15T03:25:49+00:00,22,37906.0,owner:522653994
BV1P4Q7BJEsK,author_expand,owner:522653994,2026-04-15T10:55:02.444984+00:00,2026-04-15T10:55:02.444984+00:00,522653994,205,2026-04-15T03:16:22+00:00,31,2927.0,owner:522653994
BV1szQ5BCE66,author_expand,owner:522653994,2026-04-15T10:55:02.444984+00:00,2026-04-15T10:55:02.444984+00:00,522653994,205,2026-04-15T03:04:28+00:00,36,8007.0,owner:522653994
BV1NWQ7BHEGx,author_expand,owner:522653994,2026-04-15T10:55:02.444984+00:00,2026-04-15T10:55:02.444984+00:00,522653994,205,2026-04-15T03:04:10+00:00,19,1073.0,owner:522653994
BV1HmQ5BMET9,author_expand,owner:522653994,2026-04-15T10:55:02.444984+00:00,2026-04-15T10:55:02.444984+00:00,522653994,205,2026-04-15T02:39:43+00:00,22,13409.0,owner:522653994
BV1CkQ5BrEVM,author_expand,owner:522653994,2026-04-15T10:55:02.444984+00:00,2026-04-15T10:55:02.444984+00:00,522653994,205,2026-04-15T02:36:59+00:00,31,1184.0,owner:522653994
BV1D4Q5BQEt7,author_expand,owner:522653994,2026-04-15T10:55:02.444984+00:00,2026-04-15T10:55:02.444984+00:00,522653994,205,2026-04-15T02:28:21+00:00,21,1116.0,owner:522653994
BV1YWQ5BREg5,author_expand,owner:522653994,2026-04-15T10:55:02.444984+00:00,2026-04-15T10:55:02.444984+00:00,522653994,205,2026-04-15T02:19:48+00:00,24,2762.0,owner:522653994
BV1tYQ5BmEuF,author_expand,owner:522653994,2026-04-15T10:55:02.444984+00:00,2026-04-15T10:55:02.444984+00:00,522653994,205,2026-04-15T02:08:59+00:00,27,2349.0,owner:522653994
BV1UaQ5BEEni,author_expand,owner:522653994,2026-04-15T10:55:02.444984+00:00,2026-04-15T10:55:02.444984+00:00,522653994,205,2026-04-15T01:56:41+00:00,17,1414.0,owner:522653994
BV1cbQLBgEvc,author_expand,owner:522653994,2026-04-15T10:55:02.444984+00:00,2026-04-15T10:55:02.444984+00:00,522653994,205,2026-04-15T00:44:25+00:00,17,1713.0,owner:522653994
BV1KjQLBEEYy,author_expand,owner:522653994,2026-04-15T10:55:02.444984+00:00,2026-04-15T10:55:02.444984+00:00,522653994,205,2026-04-15T00:12:03+00:00,19,1645.0,owner:522653994
BV11eQGBuEdy,author_expand,owner:522653994,2026-04-15T10:55:02.444984+00:00,2026-04-15T10:55:02.444984+00:00,522653994,205,2026-04-14T16:20:00+00:00,12,2168.0,owner:522653994
BV1m1QuBPEGt,author_expand,owner:522653994,2026-04-15T10:55:02.444984+00:00,2026-04-15T10:55:02.444984+00:00,522653994,205,2026-04-14T16:00:00+00:00,56,4020.0,owner:522653994
BV1iGQGBWEbK,author_expand,owner:522653994,2026-04-15T10:55:02.444984+00:00,2026-04-15T10:55:02.444984+00:00,522653994,205,2026-04-14T15:41:38+00:00,17,2734.0,owner:522653994
BV1eLQGBHEza,author_expand,owner:522653994,2026-04-15T10:55:02.444984+00:00,2026-04-15T10:55:02.444984+00:00,522653994,205,2026-04-14T15:15:12+00:00,21,6199.0,owner:522653994
BV1BTQGBoEJ7,author_expand,owner:522653994,2026-04-15T10:55:02.444984+00:00,2026-04-15T10:55:02.444984+00:00,522653994,205,2026-04-14T14:44:47+00:00,30,1920.0,owner:522653994
BV1svQGBBEud,author_expand,owner:522653994,2026-04-15T10:55:02.444984+00:00,2026-04-15T10:55:02.444984+00:00,522653994,205,2026-04-14T14:19:53+00:00,29,3590.0,owner:522653994
BV1UkQuBKEuq,author_expand,owner:522653994,2026-04-15T10:55:02.444984+00:00,2026-04-15T10:55:02.444984+00:00,522653994,205,2026-04-14T13:12:58+00:00,25,4909.0,owner:522653994
BV11SQuBhETp,author_expand,owner:522653994,2026-04-15T10:55:02.444984+00:00,2026-04-15T10:55:02.444984+00:00,522653994,205,2026-04-14T12:56:11+00:00,28,2712.0,owner:522653994
BV1S6QuBqEv2,author_expand,owner:522653994,2026-04-15T10:55:02.444984+00:00,2026-04-15T10:55:02.444984+00:00,522653994,205,2026-04-14T12:27:20+00:00,26,102287.0,owner:522653994
BV13qQuB6EsM,author_expand,owner:522653994,2026-04-15T10:55:02.444984+00:00,2026-04-15T10:55:02.444984+00:00,522653994,205,2026-04-14T12:17:17+00:00,18,2468.0,owner:522653994
BV1Y5QgB5EST,author_expand,owner:522653994,2026-04-15T10:55:02.444984+00:00,2026-04-15T10:55:02.444984+00:00,522653994,205,2026-04-14T11:44:25+00:00,144,1804.0,owner:522653994
BV1coQuBoEsa,author_expand,owner:522653994,2026-04-15T10:55:02.444984+00:00,2026-04-15T10:55:02.444984+00:00,522653994,205,2026-04-14T11:40:34+00:00,30,3072.0,owner:522653994
BV1MWQgBuE9X,author_expand,owner:522653994,2026-04-15T10:55:02.444984+00:00,2026-04-15T10:55:02.444984+00:00,522653994,205,2026-04-14T10:30:00+00:00,29,192760.0,owner:522653994
BV1DEQgBrE16,author_expand,owner:522653994,2026-04-15T10:55:02.444984+00:00,2026-04-15T10:55:02.444984+00:00,522653994,205,2026-04-14T10:24:20+00:00,66,2579.0,owner:522653994
BV1DnQgBgEs1,author_expand,owner:522653994,2026-04-15T10:55:02.444984+00:00,2026-04-15T10:55:02.444984+00:00,522653994,205,2026-04-14T10:18:56+00:00,14,1239.0,owner:522653994
BV11nDCBxE8X,author_expand,owner:689222371,2026-04-15T10:55:46.068022+00:00,2026-04-15T10:55:46.068022+00:00,689222371,76,2026-04-15T03:30:00+00:00,912,14402.0,owner:689222371
BV1PYQgBAED2,author_expand,owner:5024187,2026-04-15T10:56:45.594745+00:00,2026-04-15T10:56:45.594745+00:00,5024187,27,2026-04-15T03:30:00+00:00,1284,125287.0,owner:5024187
BV1vWQEBgE58,author_expand,owner:19248926,2026-04-15T10:57:02.211742+00:00,2026-04-15T10:57:02.211742+00:00,19248926,124,2026-04-15T10:35:02+00:00,684,2404.0,owner:19248926
BV1fYQ7B5Efz,author_expand,owner:19248926,2026-04-15T10:57:02.211742+00:00,2026-04-15T10:57:02.211742+00:00,19248926,124,2026-04-15T04:10:22+00:00,734,78309.0,owner:19248926
BV1aYQEBPEcd,author_expand,owner:224267770,2026-04-15T10:58:34.145899+00:00,2026-04-15T10:58:34.145899+00:00,224267770,27,2026-04-15T09:17:50+00:00,39,5102.0,owner:224267770
BV1SqQEBhExx,author_expand,owner:224267770,2026-04-15T10:58:34.145899+00:00,2026-04-15T10:58:34.145899+00:00,224267770,27,2026-04-15T08:47:28+00:00,261,23643.0,owner:224267770
BV1G5QJBKEcr,author_expand,owner:224267770,2026-04-15T10:58:34.145899+00:00,2026-04-15T10:58:34.145899+00:00,224267770,27,2026-04-15T08:11:40+00:00,113,15253.0,owner:224267770
BV1ZxQ3BREj3,author_expand,owner:224267770,2026-04-15T10:58:34.145899+00:00,2026-04-15T10:58:34.145899+00:00,224267770,27,2026-04-15T07:30:00+00:00,16,3968.0,owner:224267770
BV1beQjBRE8e,author_expand,owner:224267770,2026-04-15T10:58:34.145899+00:00,2026-04-15T10:58:34.145899+00:00,224267770,27,2026-04-15T05:25:46+00:00,260,12756.0,owner:224267770
BV1HQQjB5Es2,author_expand,owner:224267770,2026-04-15T10:58:34.145899+00:00,2026-04-15T10:58:34.145899+00:00,224267770,27,2026-04-15T04:34:46+00:00,92,82989.0,owner:224267770
BV1M7Q7BxEwf,author_expand,owner:224267770,2026-04-15T10:58:34.145899+00:00,2026-04-15T10:58:34.145899+00:00,224267770,27,2026-04-15T03:24:41+00:00,67,13140.0,owner:224267770
BV1yrQ5BGEcp,author_expand,owner:224267770,2026-04-15T10:58:34.145899+00:00,2026-04-15T10:58:34.145899+00:00,224267770,27,2026-04-15T02:58:08+00:00,90,29851.0,owner:224267770
BV1DMQLB9EpE,author_expand,owner:224267770,2026-04-15T10:58:34.145899+00:00,2026-04-15T10:58:34.145899+00:00,224267770,27,2026-04-15T01:22:14+00:00,47,9136.0,owner:224267770
BV1wFQGBYEvR,author_expand,owner:224267770,2026-04-15T10:58:34.145899+00:00,2026-04-15T10:58:34.145899+00:00,224267770,27,2026-04-14T15:06:15+00:00,1423,29774.0,owner:224267770
BV1nAQGBhERa,author_expand,owner:224267770,2026-04-15T10:58:34.145899+00:00,2026-04-15T10:58:34.145899+00:00,224267770,27,2026-04-14T14:43:26+00:00,1436,29498.0,owner:224267770
BV16yQGBaEq4,author_expand,owner:224267770,2026-04-15T10:58:34.145899+00:00,2026-04-15T10:58:34.145899+00:00,224267770,27,2026-04-14T14:08:07+00:00,252,47510.0,owner:224267770
BV158QuBLEnn,author_expand,owner:224267770,2026-04-15T10:58:34.145899+00:00,2026-04-15T10:58:34.145899+00:00,224267770,27,2026-04-14T12:40:45+00:00,61,7129.0,owner:224267770
BV1FFQgBRE4z,author_expand,owner:224267770,2026-04-15T10:58:34.145899+00:00,2026-04-15T10:58:34.145899+00:00,224267770,27,2026-04-14T11:15:51+00:00,121,22290.0,owner:224267770
BV155QvBHE9g,author_expand,owner:1954997940,2026-04-15T11:01:10.821172+00:00,2026-04-15T11:01:10.821172+00:00,1954997940,215,2026-04-14T16:00:00+00:00,188,31146.0,owner:1954997940
BV1eFQLBFE4Q,author_expand,owner:2029306,2026-04-15T11:01:20.599417+00:00,2026-04-15T11:01:20.599417+00:00,2029306,210,2026-04-15T04:00:00+00:00,957,60461.0,owner:2029306
BV1APQjBjEsm,author_expand,owner:50111839,2026-04-15T11:01:42.196089+00:00,2026-04-15T11:01:42.196089+00:00,50111839,172,2026-04-15T06:49:43+00:00,1946,92570.0,owner:50111839
BV1FwQGBwESV,author_expand,owner:50111839,2026-04-15T11:01:42.196089+00:00,2026-04-15T11:01:42.196089+00:00,50111839,172,2026-04-15T04:30:00+00:00,1152,59657.0,owner:50111839
BV1tsQGBLE6Y,author_expand,owner:50111839,2026-04-15T11:01:42.196089+00:00,2026-04-15T11:01:42.196089+00:00,50111839,172,2026-04-15T04:00:00+00:00,2488,174728.0,owner:50111839
BV18KQiB1E2A,author_expand,owner:423517587,2026-04-15T11:01:57.876340+00:00,2026-04-15T11:01:57.876340+00:00,423517587,243,2026-04-15T02:00:00+00:00,215,12920.0,owner:423517587
BV1gMQiBLEKf,author_expand,owner:423517587,2026-04-15T11:01:57.876340+00:00,2026-04-15T11:01:57.876340+00:00,423517587,243,2026-04-15T00:00:00+00:00,3095,38157.0,owner:423517587
BV1e4QEBMEfj,author_expand,owner:533996453,2026-04-15T11:03:24.142302+00:00,2026-04-15T11:03:24.142302+00:00,533996453,154,2026-04-15T10:41:56+00:00,8,1644.0,owner:533996453
BV1iuQgBUExb,author_expand,owner:533996453,2026-04-15T11:03:24.142302+00:00,2026-04-15T11:03:24.142302+00:00,533996453,154,2026-04-14T12:13:13+00:00,9,9185.0,owner:533996453
BV1WhQgBYEjs,author_expand,owner:626752044,2026-04-15T11:03:26.529047+00:00,2026-04-15T11:03:26.529047+00:00,626752044,213,2026-04-14T11:00:25+00:00,99,185593.0,owner:626752044
BV1RaQ3BQE95,author_expand,owner:1060544882,2026-04-15T11:03:28.424937+00:00,2026-04-15T11:03:28.424937+00:00,1060544882,31,2026-04-14T16:07:01+00:00,14,48679.0,owner:1060544882
BV1RMQgBEEaA,author_expand,owner:1813797500,2026-04-15T11:03:44.238911+00:00,2026-04-15T11:03:44.238911+00:00,1813797500,20,2026-04-14T12:04:59+00:00,22,267241.0,owner:1813797500
BV1BAQgBQEaQ,author_expand,owner:2147413451,2026-04-15T11:04:28.774016+00:00,2026-04-15T11:04:28.774016+00:00,2147413451,218,2026-04-14T11:24:07+00:00,62,30566.0,owner:2147413451
BV1iJQjBNETB,author_expand,owner:2109776,2026-04-15T11:04:38.845732+00:00,2026-04-15T11:04:38.845732+00:00,2109776,27,2026-04-15T09:59:39+00:00,320,10544.0,owner:2109776
BV1enQjBeEYU,author_expand,owner:4249401,2026-04-15T11:04:41.136087+00:00,2026-04-15T11:04:41.136087+00:00,4249401,250,2026-04-15T10:30:00+00:00,507,9840.0,owner:4249401
BV1AfQ3BPENB,author_expand,owner:21131684,2026-04-15T11:05:05.043274+00:00,2026-04-15T11:05:05.043274+00:00,21131684,230,2026-04-15T04:00:00+00:00,39,1319.0,owner:21131684
BV1pDQEBQEUE,author_expand,owner:75480955,2026-04-15T11:05:09.293404+00:00,2026-04-15T11:05:09.293404+00:00,89515661,172,2026-04-15T10:00:00+00:00,387,13393.0,owner:75480955
BV1MVQLBnELY,author_expand,owner:203680252,2026-04-15T11:05:55.823244+00:00,2026-04-15T11:05:55.823244+00:00,203680252,171,2026-04-15T00:01:25+00:00,145,318846.0,owner:203680252
BV193QgBjEfY,author_expand,owner:203680252,2026-04-15T11:05:55.823244+00:00,2026-04-15T11:05:55.823244+00:00,203680252,171,2026-04-14T12:09:02+00:00,150,102952.0,owner:203680252
BV1r6QvBYEyR,author_expand,owner:376057527,2026-04-15T11:06:26.005768+00:00,2026-04-15T11:06:26.005768+00:00,376057527,154,2026-04-14T10:30:00+00:00,672,4466.0,owner:376057527
BV1v4QEBuEhB,author_expand,owner:487614876,2026-04-15T11:06:47.405552+00:00,2026-04-15T11:06:47.405552+00:00,487614876,205,2026-04-15T10:44:55+00:00,41,1149.0,owner:487614876
BV1yNQEBpEob,author_expand,owner:487614876,2026-04-15T11:06:47.405552+00:00,2026-04-15T11:06:47.405552+00:00,487614876,205,2026-04-15T10:16:15+00:00,16,1525.0,owner:487614876
BV1hYQEBPEBa,author_expand,owner:487614876,2026-04-15T11:06:47.405552+00:00,2026-04-15T11:06:47.405552+00:00,487614876,205,2026-04-15T09:16:33+00:00,16,1340.0,owner:487614876
BV1eMQJBgEZQ,author_expand,owner:487614876,2026-04-15T11:06:47.405552+00:00,2026-04-15T11:06:47.405552+00:00,487614876,205,2026-04-15T08:32:32+00:00,28,3966.0,owner:487614876
BV1pUQjBLEHZ,author_expand,owner:487614876,2026-04-15T11:06:47.405552+00:00,2026-04-15T11:06:47.405552+00:00,487614876,205,2026-04-15T06:10:12+00:00,17,25405.0,owner:487614876
BV1zdQjB6EEs,author_expand,owner:487614876,2026-04-15T11:06:47.405552+00:00,2026-04-15T11:06:47.405552+00:00,487614876,205,2026-04-15T04:39:44+00:00,17,91121.0,owner:487614876
BV11HQ7BXEXn,author_expand,owner:487614876,2026-04-15T11:06:47.405552+00:00,2026-04-15T11:06:47.405552+00:00,487614876,205,2026-04-15T03:09:53+00:00,33,3529.0,owner:487614876
BV1YxQjBcEzN,author_expand,owner:1408106571,2026-04-15T11:07:22.919957+00:00,2026-04-15T11:07:22.919957+00:00,1408106571,207,2026-04-15T07:15:26+00:00,710,4314.0,owner:1408106571
BV1nXQEBnEhc,author_expand,owner:3546741475379844,2026-04-15T11:07:36.863627+00:00,2026-04-15T11:07:36.863627+00:00,3546741475379844,21,2026-04-15T09:32:36+00:00,69,5596.0,owner:3546741475379844
BV1hYQEBPEpv,author_expand,owner:13148307,2026-04-15T11:07:56.886968+00:00,2026-04-15T11:07:56.886968+00:00,13148307,136,2026-04-15T09:21:11+00:00,271,9171.0,owner:13148307
BV1FVQjBgEGE,author_expand,owner:43484780,2026-04-15T11:10:00.087966+00:00,2026-04-15T11:10:00.087966+00:00,43484780,220,2026-04-15T10:00:00+00:00,439,4317.0,owner:43484780
BV1XYQEBPEAk,author_expand,owner:50295692,2026-04-15T11:10:03.763272+00:00,2026-04-15T11:10:03.763272+00:00,50295692,218,2026-04-15T09:17:12+00:00,23,10446.0,owner:50295692
BV1NSQuBaE1K,author_expand,owner:506761354,2026-04-15T11:12:14.269942+00:00,2026-04-15T11:12:14.269942+00:00,506761354,212,2026-04-14T13:07:29+00:00,423,88815.0,owner:506761354
BV1f7QEB5EkA,author_expand,owner:512087790,2026-04-15T11:12:16.110282+00:00,2026-04-15T11:12:16.110282+00:00,512087790,17,2026-04-15T10:49:02+00:00,18,17526.0,owner:512087790
BV1ssQ7BDEMz,author_expand,owner:627947058,2026-04-15T11:12:39.398958+00:00,2026-04-15T11:12:39.398958+00:00,627947058,231,2026-04-15T10:00:00+00:00,263,855.0,owner:627947058
BV18bQ5BnEJy,author_expand,owner:627947058,2026-04-15T11:12:39.398958+00:00,2026-04-15T11:12:39.398958+00:00,627947058,231,2026-04-15T04:30:00+00:00,215,1626.0,owner:627947058
BV1GEQGBnEAJ,author_expand,owner:8848648,2026-04-15T11:12:59.072318+00:00,2026-04-15T11:12:59.072318+00:00,8848648,213,2026-04-14T15:25:03+00:00,245,17107.0,owner:8848648
BV18iQEBwExQ,author_expand,owner:11718651,2026-04-15T11:13:20.934154+00:00,2026-04-15T11:13:20.934154+00:00,11718651,252,2026-04-15T08:52:23+00:00,13,2018.0,owner:11718651
BV1h7QgBGEZZ,author_expand,owner:11718651,2026-04-15T11:13:20.934154+00:00,2026-04-15T11:13:20.934154+00:00,11718651,252,2026-04-14T11:55:58+00:00,11,6678.0,owner:11718651
BV1k3QEBEEqo,author_expand,owner:27033880,2026-04-15T11:13:25.139775+00:00,2026-04-15T11:13:25.139775+00:00,27033880,85,2026-04-15T10:12:18+00:00,53,422.0,owner:27033880
BV13LQJBvEc2,author_expand,owner:106086780,2026-04-15T11:13:47.565754+00:00,2026-04-15T11:13:47.565754+00:00,106086780,207,2026-04-15T08:31:31+00:00,86,717.0,owner:106086780
BV187QJBPEj4,author_expand,owner:106086780,2026-04-15T11:13:47.565754+00:00,2026-04-15T11:13:47.565754+00:00,106086780,207,2026-04-15T08:22:19+00:00,30,1320.0,owner:106086780
BV17wQJB5Eex,author_expand,owner:106086780,2026-04-15T11:13:47.565754+00:00,2026-04-15T11:13:47.565754+00:00,106086780,207,2026-04-15T07:41:19+00:00,37,1042.0,owner:106086780
BV1E5QjBzEfN,author_expand,owner:106086780,2026-04-15T11:13:47.565754+00:00,2026-04-15T11:13:47.565754+00:00,106086780,207,2026-04-15T07:27:40+00:00,38,1684.0,owner:106086780
BV1C2QjB2E5E,author_expand,owner:106086780,2026-04-15T11:13:47.565754+00:00,2026-04-15T11:13:47.565754+00:00,106086780,207,2026-04-15T05:55:30+00:00,47,1880.0,owner:106086780
BV1fRQjBuETm,author_expand,owner:106086780,2026-04-15T11:13:47.565754+00:00,2026-04-15T11:13:47.565754+00:00,106086780,207,2026-04-15T04:43:46+00:00,29,1452.0,owner:106086780
BV1BdQjB6ERx,author_expand,owner:106086780,2026-04-15T11:13:47.565754+00:00,2026-04-15T11:13:47.565754+00:00,106086780,207,2026-04-15T04:38:50+00:00,58,1298.0,owner:106086780
BV14vQ5BjEx2,author_expand,owner:106086780,2026-04-15T11:13:47.565754+00:00,2026-04-15T11:13:47.565754+00:00,106086780,207,2026-04-15T02:04:17+00:00,49,25160.0,owner:106086780
BV1u3QLBQEzo,author_expand,owner:106086780,2026-04-15T11:13:47.565754+00:00,2026-04-15T11:13:47.565754+00:00,106086780,207,2026-04-15T01:30:57+00:00,52,1207.0,owner:106086780
BV1WvQGBBEZD,author_expand,owner:106086780,2026-04-15T11:13:47.565754+00:00,2026-04-15T11:13:47.565754+00:00,106086780,207,2026-04-14T14:17:31+00:00,54,2818.0,owner:106086780
BV1tbQGBkECh,author_expand,owner:106086780,2026-04-15T11:13:47.565754+00:00,2026-04-15T11:13:47.565754+00:00,106086780,207,2026-04-14T13:28:45+00:00,152,2541.0,owner:106086780
BV1bWQgBMEu9,author_expand,owner:106086780,2026-04-15T11:13:47.565754+00:00,2026-04-15T11:13:47.565754+00:00,106086780,207,2026-04-14T10:29:28+00:00,16,2788.0,owner:106086780
BV1KUQuBAEM8,author_expand,owner:509786892,2026-04-15T11:14:37.799710+00:00,2026-04-15T11:14:37.799710+00:00,509786892,176,2026-04-14T12:58:41+00:00,607,4989.0,owner:509786892
BV1n1Q5BzE9S,author_expand,owner:3546902503098598,2026-04-15T11:17:01.096426+00:00,2026-04-15T11:17:01.096426+00:00,3546902503098598,154,2026-04-15T02:46:28+00:00,96,3491.0,owner:3546902503098598
BV1BwQgBpEW4,author_expand,owner:11124341,2026-04-15T11:17:57.041031+00:00,2026-04-15T11:17:57.041031+00:00,11124341,168,2026-04-14T15:00:00+00:00,1371,4024.0,owner:11124341
BV1aoQgB1EGr,author_expand,owner:11124341,2026-04-15T11:17:57.041031+00:00,2026-04-15T11:17:57.041031+00:00,11124341,168,2026-04-14T14:00:00+00:00,1269,3781.0,owner:11124341
BV1JBQgBZEju,author_expand,owner:11124341,2026-04-15T11:17:57.041031+00:00,2026-04-15T11:17:57.041031+00:00,11124341,168,2026-04-14T13:00:00+00:00,1503,6280.0,owner:11124341
BV1TKQ3BzEuh,author_expand,owner:11124341,2026-04-15T11:17:57.041031+00:00,2026-04-15T11:17:57.041031+00:00,11124341,168,2026-04-14T12:00:00+00:00,1539,4748.0,owner:11124341
BV1oWQEBgEAZ,author_expand,owner:17057196,2026-04-15T11:18:40.975955+00:00,2026-04-15T11:18:40.975955+00:00,17057196,172,2026-04-15T10:41:32+00:00,26,9586.0,owner:17057196
BV1mCQuBvEdV,author_expand,owner:257776093,2026-04-15T11:18:49.738952+00:00,2026-04-15T11:18:49.738952+00:00,257776093,21,2026-04-14T13:09:41+00:00,8,8898.0,owner:257776093
BV1rBQgBZELe,author_expand,owner:440237866,2026-04-15T11:19:00.764000+00:00,2026-04-15T11:19:00.764000+00:00,440237866,236,2026-04-14T10:47:50+00:00,2711,33615.0,owner:440237866
BV1ryQ5BgE4o,author_expand,owner:698396117,2026-04-15T11:19:02.903073+00:00,2026-04-15T11:19:02.903073+00:00,698396117,176,2026-04-15T11:00:00+00:00,118,1094.0,owner:698396117
BV1adQYByE96,author_expand,owner:698396117,2026-04-15T11:19:02.903073+00:00,2026-04-15T11:19:02.903073+00:00,698396117,176,2026-04-14T11:00:00+00:00,151,4229.0,owner:698396117
BV19hQuBCErh,author_expand,owner:1194144659,2026-04-15T11:19:14.669456+00:00,2026-04-15T11:19:14.669456+00:00,1194144659,176,2026-04-15T03:05:00+00:00,134,193472.0,owner:1194144659
BV1etQEBqE7B,author_expand,owner:2137589551,2026-04-15T11:20:54.832028+00:00,2026-04-15T11:20:54.832028+00:00,2137589551,207,2026-04-15T10:40:42+00:00,410,8312.0,owner:2137589551
BV1qAQJBCEJs,author_expand,owner:2137589551,2026-04-15T11:20:54.832028+00:00,2026-04-15T11:20:54.832028+00:00,2137589551,207,2026-04-15T07:54:23+00:00,365,20996.0,owner:2137589551
BV1QtQjBfED8,author_expand,owner:2137589551,2026-04-15T11:20:54.832028+00:00,2026-04-15T11:20:54.832028+00:00,2137589551,207,2026-04-15T05:40:05+00:00,341,19183.0,owner:2137589551
BV1YPQLB4ELX,author_expand,owner:2137589551,2026-04-15T11:20:54.832028+00:00,2026-04-15T11:20:54.832028+00:00,2137589551,207,2026-04-15T01:52:14+00:00,191,30567.0,owner:2137589551
BV1DqQuBzEk3,author_expand,owner:2137589551,2026-04-15T11:20:54.832028+00:00,2026-04-15T11:20:54.832028+00:00,2137589551,207,2026-04-14T12:21:12+00:00,312,38165.0,owner:2137589551
BV1kqQgBbEhi,author_expand,owner:2137589551,2026-04-15T11:20:54.832028+00:00,2026-04-15T11:20:54.832028+00:00,2137589551,207,2026-04-14T10:40:46+00:00,412,23317.0,owner:2137589551
BV1peQgBhE79,author_expand,owner:3546727422364508,2026-04-15T11:21:51.269878+00:00,2026-04-15T11:21:51.269878+00:00,3546727422364508,237,2026-04-15T08:00:00+00:00,105,808.0,owner:3546727422364508
BV1a3QJBMEqH,author_expand,owner:3546902496807007,2026-04-15T11:21:53.230457+00:00,2026-04-15T11:21:53.230457+00:00,3546902496807007,154,2026-04-15T08:41:26+00:00,69,308.0,owner:3546902496807007
BV1i7QjBiEHB,author_expand,owner:3546902496807007,2026-04-15T11:21:53.230457+00:00,2026-04-15T11:21:53.230457+00:00,3546902496807007,154,2026-04-15T07:35:05+00:00,47,303.0,owner:3546902496807007
BV16gQjB3EAW,author_expand,owner:3546902496807007,2026-04-15T11:21:53.230457+00:00,2026-04-15T11:21:53.230457+00:00,3546902496807007,154,2026-04-15T06:29:40+00:00,71,308.0,owner:3546902496807007
BV1NnQ7BWEBp,author_expand,owner:3546902496807007,2026-04-15T11:21:53.230457+00:00,2026-04-15T11:21:53.230457+00:00,3546902496807007,154,2026-04-15T03:32:42+00:00,57,384.0,owner:3546902496807007
BV1WBQ5B5EfE,author_expand,owner:3546902496807007,2026-04-15T11:21:53.230457+00:00,2026-04-15T11:21:53.230457+00:00,3546902496807007,154,2026-04-15T02:49:39+00:00,67,438.0,owner:3546902496807007
BV1WhQgBYEsd,author_expand,owner:72373107,2026-04-15T11:24:03.953885+00:00,2026-04-15T11:24:03.953885+00:00,72373107,21,2026-04-14T11:01:45+00:00,284,5699.0,owner:72373107
BV112QuBYEyz,author_expand,owner:486949400,2026-04-15T11:24:58.763086+00:00,2026-04-15T11:24:58.763086+00:00,486949400,228,2026-04-14T23:00:00+00:00,2264,5603.0,owner:486949400
BV147Q7BxEcw,author_expand,owner:502966208,2026-04-15T11:25:00.965264+00:00,2026-04-15T11:25:00.965264+00:00,502966208,218,2026-04-15T03:23:38+00:00,61,37573.0,owner:502966208
BV1LKQJBrExJ,author_expand,owner:602430380,2026-04-15T11:25:03.127106+00:00,2026-04-15T11:25:03.127106+00:00,602430380,209,2026-04-15T08:34:31+00:00,116,81.0,owner:602430380
BV1B7QEB5Ecs,author_expand,owner:1390829728,2026-04-15T11:25:24.653441+00:00,2026-04-15T11:25:24.653441+00:00,1390829728,205,2026-04-15T10:53:15+00:00,35,46.0,owner:1390829728
BV1yNQEBpE3E,author_expand,owner:1390829728,2026-04-15T11:25:24.653441+00:00,2026-04-15T11:25:24.653441+00:00,1390829728,205,2026-04-15T10:16:42+00:00,36,60.0,owner:1390829728
BV1r3QEBEEbT,author_expand,owner:1390829728,2026-04-15T11:25:24.653441+00:00,2026-04-15T11:25:24.653441+00:00,1390829728,205,2026-04-15T10:01:08+00:00,45,72.0,owner:1390829728
BV1HSQEBpE4F,author_expand,owner:1390829728,2026-04-15T11:25:24.653441+00:00,2026-04-15T11:25:24.653441+00:00,1390829728,205,2026-04-15T09:20:56+00:00,39,59.0,owner:1390829728
BV1Q8QEBKE5q,author_expand,owner:1390829728,2026-04-15T11:25:24.653441+00:00,2026-04-15T11:25:24.653441+00:00,1390829728,205,2026-04-15T09:09:03+00:00,49,55.0,owner:1390829728
BV1a8QEBKEqA,author_expand,owner:1390829728,2026-04-15T11:25:24.653441+00:00,2026-04-15T11:25:24.653441+00:00,1390829728,205,2026-04-15T09:08:19+00:00,33,82.0,owner:1390829728
BV1tqQEBhEZN,author_expand,owner:1390829728,2026-04-15T11:25:24.653441+00:00,2026-04-15T11:25:24.653441+00:00,1390829728,205,2026-04-15T08:47:38+00:00,57,70.0,owner:1390829728
BV1GuQJBzEar,author_expand,owner:1390829728,2026-04-15T11:25:24.653441+00:00,2026-04-15T11:25:24.653441+00:00,1390829728,205,2026-04-15T08:45:20+00:00,65,52.0,owner:1390829728
BV15NQJBGEjc,author_expand,owner:1390829728,2026-04-15T11:25:24.653441+00:00,2026-04-15T11:25:24.653441+00:00,1390829728,205,2026-04-15T07:48:11+00:00,49,177.0,owner:1390829728
BV1axQjBcEDp,author_expand,owner:1390829728,2026-04-15T11:25:24.653441+00:00,2026-04-15T11:25:24.653441+00:00,1390829728,205,2026-04-15T07:14:45+00:00,46,158.0,owner:1390829728
BV1cNQjB1E2E,author_expand,owner:1390829728,2026-04-15T11:25:24.653441+00:00,2026-04-15T11:25:24.653441+00:00,1390829728,205,2026-04-15T07:01:26+00:00,39,124.0,owner:1390829728
BV1rTQjBVEip,author_expand,owner:1390829728,2026-04-15T11:25:24.653441+00:00,2026-04-15T11:25:24.653441+00:00,1390829728,205,2026-04-15T06:57:48+00:00,50,73.0,owner:1390829728
BV1fVQjBuEGR,author_expand,owner:1390829728,2026-04-15T11:25:24.653441+00:00,2026-04-15T11:25:24.653441+00:00,1390829728,205,2026-04-15T06:41:32+00:00,30,295.0,owner:1390829728
BV16MQjBkEq1,author_expand,owner:1390829728,2026-04-15T11:25:24.653441+00:00,2026-04-15T11:25:24.653441+00:00,1390829728,205,2026-04-15T06:34:56+00:00,46,149.0,owner:1390829728
BV16MQjBkEWS,author_expand,owner:1390829728,2026-04-15T11:25:24.653441+00:00,2026-04-15T11:25:24.653441+00:00,1390829728,205,2026-04-15T06:33:25+00:00,52,51.0,owner:1390829728
BV17RQjB3E1V,author_expand,owner:1390829728,2026-04-15T11:25:24.653441+00:00,2026-04-15T11:25:24.653441+00:00,1390829728,205,2026-04-15T04:45:53+00:00,41,129.0,owner:1390829728
BV1FhQ7B2EfZ,author_expand,owner:1390829728,2026-04-15T11:25:24.653441+00:00,2026-04-15T11:25:24.653441+00:00,1390829728,205,2026-04-15T04:11:12+00:00,40,617.0,owner:1390829728
BV1T7Q7BxEeZ,author_expand,owner:1390829728,2026-04-15T11:25:24.653441+00:00,2026-04-15T11:25:24.653441+00:00,1390829728,205,2026-04-15T03:23:59+00:00,41,96.0,owner:1390829728
BV1PWQ7BHEtm,author_expand,owner:1390829728,2026-04-15T11:25:24.653441+00:00,2026-04-15T11:25:24.653441+00:00,1390829728,205,2026-04-15T03:08:01+00:00,54,103.0,owner:1390829728
BV1yzQ5BCEPV,author_expand,owner:1390829728,2026-04-15T11:25:24.653441+00:00,2026-04-15T11:25:24.653441+00:00,1390829728,205,2026-04-15T03:01:46+00:00,46,412.0,owner:1390829728
BV1WzQ5BCEeh,author_expand,owner:1390829728,2026-04-15T11:25:24.653441+00:00,2026-04-15T11:25:24.653441+00:00,1390829728,205,2026-04-15T03:01:22+00:00,24,36.0,owner:1390829728
BV1EmQ5BMEdK,author_expand,owner:1390829728,2026-04-15T11:25:24.653441+00:00,2026-04-15T11:25:24.653441+00:00,1390829728,205,2026-04-15T02:40:18+00:00,15,514.0,owner:1390829728
BV1kkQ5BrEKZ,author_expand,owner:1390829728,2026-04-15T11:25:24.653441+00:00,2026-04-15T11:25:24.653441+00:00,1390829728,205,2026-04-15T02:37:28+00:00,21,548.0,owner:1390829728
BV1HyQ5BgENR,author_expand,owner:1390829728,2026-04-15T11:25:24.653441+00:00,2026-04-15T11:25:24.653441+00:00,1390829728,205,2026-04-15T02:33:59+00:00,363,452.0,owner:1390829728
BV1tgQLBpEiX,author_expand,owner:1390829728,2026-04-15T11:25:24.653441+00:00,2026-04-15T11:25:24.653441+00:00,1390829728,205,2026-04-15T01:36:37+00:00,23,595.0,owner:1390829728
BV1tSQsB2EeX,author_expand,owner:1390829728,2026-04-15T11:25:24.653441+00:00,2026-04-15T11:25:24.653441+00:00,1390829728,205,2026-04-15T01:00:00+00:00,301,113.0,owner:1390829728
BV1CqQGBTEPU,author_expand,owner:1390829728,2026-04-15T11:25:24.653441+00:00,2026-04-15T11:25:24.653441+00:00,1390829728,205,2026-04-14T14:29:53+00:00,45,24444.0,owner:1390829728
BV1r6QGBNEb8,author_expand,owner:1390829728,2026-04-15T11:25:24.653441+00:00,2026-04-15T11:25:24.653441+00:00,1390829728,205,2026-04-14T14:03:41+00:00,49,5912.0,owner:1390829728
BV1MkQuBTEuE,author_expand,owner:1390829728,2026-04-15T11:25:24.653441+00:00,2026-04-15T11:25:24.653441+00:00,1390829728,205,2026-04-14T13:13:23+00:00,38,283.0,owner:1390829728
BV1QhQuBCEQQ,author_expand,owner:1390829728,2026-04-15T11:25:24.653441+00:00,2026-04-15T11:25:24.653441+00:00,1390829728,205,2026-04-14T12:34:47+00:00,51,152.0,owner:1390829728
BV1oNQgBnEsi,author_expand,owner:1390829728,2026-04-15T11:25:24.653441+00:00,2026-04-15T11:25:24.653441+00:00,1390829728,205,2026-04-14T11:17:08+00:00,41,405.0,owner:1390829728
BV1a8QEBKErQ,author_expand,owner:1905206817,2026-04-15T11:25:47.337816+00:00,2026-04-15T11:25:47.337816+00:00,1905206817,205,2026-04-15T11:10:00+00:00,18,38.0,owner:1905206817
BV1vWQEBgEhN,author_expand,owner:1905206817,2026-04-15T11:25:47.337816+00:00,2026-04-15T11:25:47.337816+00:00,1905206817,205,2026-04-15T10:32:02+00:00,32,55.0,owner:1905206817
BV1syQEBdEx4,author_expand,owner:1905206817,2026-04-15T11:25:47.337816+00:00,2026-04-15T11:25:47.337816+00:00,1905206817,205,2026-04-15T09:51:14+00:00,21,41.0,owner:1905206817
BV1EoQEBmEty,author_expand,owner:1905206817,2026-04-15T11:25:47.337816+00:00,2026-04-15T11:25:47.337816+00:00,1905206817,205,2026-04-15T08:09:19+00:00,18,4791.0,owner:1905206817
BV1vJQjBNEkA,author_expand,owner:1905206817,2026-04-15T11:25:47.337816+00:00,2026-04-15T11:25:47.337816+00:00,1905206817,205,2026-04-15T07:32:21+00:00,21,415.0,owner:1905206817
BV1YWQjBaEYV,author_expand,owner:1905206817,2026-04-15T11:25:47.337816+00:00,2026-04-15T11:25:47.337816+00:00,1905206817,205,2026-04-15T07:19:02+00:00,23,342.0,owner:1905206817
BV1JSQjByEb3,author_expand,owner:1905206817,2026-04-15T11:25:47.337816+00:00,2026-04-15T11:25:47.337816+00:00,1905206817,205,2026-04-15T06:05:30+00:00,17,5051.0,owner:1905206817
BV1U5Q7BtEDx,author_expand,owner:1905206817,2026-04-15T11:25:47.337816+00:00,2026-04-15T11:25:47.337816+00:00,1905206817,205,2026-04-15T04:56:37+00:00,14,292.0,owner:1905206817
BV1pzQ5BCE8y,author_expand,owner:1905206817,2026-04-15T11:25:47.337816+00:00,2026-04-15T11:25:47.337816+00:00,1905206817,205,2026-04-15T03:03:10+00:00,32,465.0,owner:1905206817
BV1kkQ5BrENN,author_expand,owner:1905206817,2026-04-15T11:25:47.337816+00:00,2026-04-15T11:25:47.337816+00:00,1905206817,205,2026-04-15T02:38:08+00:00,14,851.0,owner:1905206817
BV1GcQLBbExe,author_expand,owner:1905206817,2026-04-15T11:25:47.337816+00:00,2026-04-15T11:25:47.337816+00:00,1905206817,205,2026-04-15T01:45:18+00:00,15,984.0,owner:1905206817
BV1kQQuBFE8e,author_expand,owner:1905206817,2026-04-15T11:25:47.337816+00:00,2026-04-15T11:25:47.337816+00:00,1905206817,205,2026-04-14T13:07:28+00:00,43,786339.0,owner:1905206817
BV1bwQ3BGEFK,author_expand,owner:1905206817,2026-04-15T11:25:47.337816+00:00,2026-04-15T11:25:47.337816+00:00,1905206817,205,2026-04-14T11:30:00+00:00,17,498.0,owner:1905206817
BV1BwQgBpEaw,author_expand,owner:1905206817,2026-04-15T11:25:47.337816+00:00,2026-04-15T11:25:47.337816+00:00,1905206817,205,2026-04-14T11:11:49+00:00,9,315.0,owner:1905206817
BV1ENQvBtE9i,author_expand,owner:3546617862949729,2026-04-15T11:25:58.935357+00:00,2026-04-15T11:25:58.935357+00:00,3546617862949729,195,2026-04-15T06:00:00+00:00,630274,1381.0,owner:3546617862949729
BV1kiQYBtEpu,author_expand,owner:3546617862949729,2026-04-15T11:25:58.935357+00:00,2026-04-15T11:25:58.935357+00:00,3546617862949729,195,2026-04-15T00:00:00+00:00,2074355,1220.0,owner:3546617862949729
BV1RdQvBpEnV,author_expand,owner:3546617862949729,2026-04-15T11:25:58.935357+00:00,2026-04-15T11:25:58.935357+00:00,3546617862949729,195,2026-04-14T12:00:00+00:00,285432,954.0,owner:3546617862949729
BV1nXQjBkELy,author_expand,owner:3690978005223681,2026-04-15T11:26:09.119356+00:00,2026-04-15T11:26:09.119356+00:00,3690978005223681,154,2026-04-15T09:00:00+00:00,34,371.0,owner:3690978005223681
BV1jcQ7BTETj,author_expand,owner:3690978005223681,2026-04-15T11:26:09.119356+00:00,2026-04-15T11:26:09.119356+00:00,3690978005223681,154,2026-04-15T04:26:53+00:00,67,2864.0,owner:3690978005223681
BV1z5QEBjE9H,author_expand,owner:388653136,2026-04-15T11:30:31.195907+00:00,2026-04-15T11:30:31.195907+00:00,388653136,199,2026-04-15T10:08:45+00:00,35,325.0,owner:388653136
BV1B7QEB5Ec2,author_expand,owner:511769504,2026-04-15T11:30:40.937976+00:00,2026-04-15T11:30:40.937976+00:00,511769504,75,2026-04-15T10:51:57+00:00,99,593.0,owner:511769504
BV1CNQjByEuV,author_expand,owner:513395871,2026-04-15T11:30:42.735279+00:00,2026-04-15T11:30:42.735279+00:00,513395871,205,2026-04-15T07:02:59+00:00,20,123.0,owner:513395871
BV1CNQjByEbY,author_expand,owner:513395871,2026-04-15T11:30:42.735279+00:00,2026-04-15T11:30:42.735279+00:00,513395871,205,2026-04-15T07:01:37+00:00,12,1854.0,owner:513395871
BV1CNQjByE8x,author_expand,owner:513395871,2026-04-15T11:30:42.735279+00:00,2026-04-15T11:30:42.735279+00:00,513395871,205,2026-04-15T07:01:28+00:00,12,559.0,owner:513395871
BV1ANQjB1ExA,author_expand,owner:513395871,2026-04-15T11:30:42.735279+00:00,2026-04-15T11:30:42.735279+00:00,513395871,205,2026-04-15T07:01:13+00:00,13,166.0,owner:513395871
BV1kTQjBVEHU,author_expand,owner:513395871,2026-04-15T11:30:42.735279+00:00,2026-04-15T11:30:42.735279+00:00,513395871,205,2026-04-15T06:58:36+00:00,18,156.0,owner:513395871
BV1miQjBWE9e,author_expand,owner:513395871,2026-04-15T11:30:42.735279+00:00,2026-04-15T11:30:42.735279+00:00,513395871,205,2026-04-15T05:37:34+00:00,15,231.0,owner:513395871
BV1zLQEB1EwT,author_expand,owner:697167043,2026-04-15T11:30:52.255765+00:00,2026-04-15T11:30:52.255765+00:00,697167043,218,2026-04-15T10:03:05+00:00,192,1272.0,owner:697167043
BV15FQLBFEkD,author_expand,owner:1069912452,2026-04-15T11:32:19.430226+00:00,2026-04-15T11:32:19.430226+00:00,1069912452,201,2026-04-15T00:59:18+00:00,88,984.0,owner:1069912452
BV16XQjBkEFq,author_expand,owner:1201924292,2026-04-15T11:32:42.403535+00:00,2026-04-15T11:32:42.403535+00:00,1201924292,17,2026-04-15T04:38:40+00:00,4351,2348.0,owner:1201924292
BV1jcQ7BTE5n,author_expand,owner:1201924292,2026-04-15T11:32:42.403535+00:00,2026-04-15T11:32:42.403535+00:00,1201924292,221,2026-04-15T04:30:46+00:00,3576,2536.0,owner:1201924292
BV1a6Q3BjE6Q,author_expand,owner:1201924292,2026-04-15T11:32:42.403535+00:00,2026-04-15T11:32:42.403535+00:00,1201924292,17,2026-04-14T15:50:15+00:00,3194,1151.0,owner:1201924292
BV1jGQGBsEx4,author_expand,owner:1201924292,2026-04-15T11:32:42.403535+00:00,2026-04-15T11:32:42.403535+00:00,1201924292,17,2026-04-14T15:45:44+00:00,3458,707.0,owner:1201924292
BV1B7QEB5ExZ,author_expand,owner:1658720232,2026-04-15T11:32:44.455264+00:00,2026-04-15T11:32:44.455264+00:00,1658720232,220,2026-04-15T10:50:09+00:00,72,1486.0,owner:1658720232
BV1RhQuBCEKu,author_expand,owner:3546716594768370,2026-04-15T11:32:55.708483+00:00,2026-04-15T11:32:55.708483+00:00,3546716594768370,201,2026-04-14T12:34:41+00:00,294,2007.0,owner:3546716594768370
BV1FLQEB2EH6,author_expand,owner:4351252,2026-04-15T11:34:40.946981+00:00,2026-04-15T11:34:40.946981+00:00,4351252,205,2026-04-15T10:06:29+00:00,36,24.0,owner:4351252
BV1k3QEBEEt3,author_expand,owner:4351252,2026-04-15T11:34:40.946981+00:00,2026-04-15T11:34:40.946981+00:00,4351252,205,2026-04-15T10:00:37+00:00,29,23.0,owner:4351252
BV1xCQEB4EDP,author_expand,owner:4351252,2026-04-15T11:34:40.946981+00:00,2026-04-15T11:34:40.946981+00:00,4351252,205,2026-04-15T09:38:30+00:00,47,99.0,owner:4351252
BV1PmQEBREZ9,author_expand,owner:4351252,2026-04-15T11:34:40.946981+00:00,2026-04-15T11:34:40.946981+00:00,4351252,205,2026-04-15T09:25:11+00:00,28,21.0,owner:4351252
BV1bqQEBhE4Q,author_expand,owner:4351252,2026-04-15T11:34:40.946981+00:00,2026-04-15T11:34:40.946981+00:00,4351252,205,2026-04-15T08:50:09+00:00,11,41.0,owner:4351252
BV1Q5QJBKEv9,author_expand,owner:4351252,2026-04-15T11:34:40.946981+00:00,2026-04-15T11:34:40.946981+00:00,4351252,205,2026-04-15T08:14:48+00:00,39,42.0,owner:4351252
BV1iJQjBNE6v,author_expand,owner:4351252,2026-04-15T11:34:40.946981+00:00,2026-04-15T11:34:40.946981+00:00,4351252,205,2026-04-15T07:28:57+00:00,43,25.0,owner:4351252
BV1eWQjBaEx4,author_expand,owner:4351252,2026-04-15T11:34:40.946981+00:00,2026-04-15T11:34:40.946981+00:00,4351252,205,2026-04-15T07:18:26+00:00,31,120.0,owner:4351252
BV1wTQjB5EnT,author_expand,owner:4351252,2026-04-15T11:34:40.946981+00:00,2026-04-15T11:34:40.946981+00:00,4351252,205,2026-04-15T06:57:39+00:00,23,31.0,owner:4351252
BV1zVQjBuEhd,author_expand,owner:4351252,2026-04-15T11:34:40.946981+00:00,2026-04-15T11:34:40.946981+00:00,4351252,205,2026-04-15T06:38:50+00:00,19,152.0,owner:4351252
BV1rgQjB3EAL,author_expand,owner:4351252,2026-04-15T11:34:40.946981+00:00,2026-04-15T11:34:40.946981+00:00,4351252,205,2026-04-15T06:31:17+00:00,38,32.0,owner:4351252
BV1kUQjBLEpS,author_expand,owner:4351252,2026-04-15T11:34:40.946981+00:00,2026-04-15T11:34:40.946981+00:00,4351252,205,2026-04-15T06:11:15+00:00,17,86.0,owner:4351252
BV1hhQjBoEcE,author_expand,owner:4351252,2026-04-15T11:34:40.946981+00:00,2026-04-15T11:34:40.946981+00:00,4351252,205,2026-04-15T05:46:50+00:00,26,55.0,owner:4351252
BV14qQjBXEDu,author_expand,owner:4351252,2026-04-15T11:34:40.946981+00:00,2026-04-15T11:34:40.946981+00:00,4351252,205,2026-04-15T05:33:22+00:00,29,88.0,owner:4351252
BV1GMQ7BaEBt,author_expand,owner:4351252,2026-04-15T11:34:40.946981+00:00,2026-04-15T11:34:40.946981+00:00,4351252,205,2026-04-15T05:16:42+00:00,36,26.0,owner:4351252
BV1b5Q7BtE1s,author_expand,owner:4351252,2026-04-15T11:34:40.946981+00:00,2026-04-15T11:34:40.946981+00:00,4351252,205,2026-04-15T04:56:33+00:00,35,104.0,owner:4351252
BV1nXQjBkEPQ,author_expand,owner:4351252,2026-04-15T11:34:40.946981+00:00,2026-04-15T11:34:40.946981+00:00,4351252,205,2026-04-15T04:34:45+00:00,39,49.0,owner:4351252
BV1AtQ7BUEv8,author_expand,owner:4351252,2026-04-15T11:34:40.946981+00:00,2026-04-15T11:34:40.946981+00:00,4351252,205,2026-04-15T04:00:32+00:00,36,33.0,owner:4351252
BV1JiQ7BVEPM,author_expand,owner:4351252,2026-04-15T11:34:40.946981+00:00,2026-04-15T11:34:40.946981+00:00,4351252,205,2026-04-15T03:42:38+00:00,30,449.0,owner:4351252
BV1xnQ7BWEQr,author_expand,owner:4351252,2026-04-15T11:34:40.946981+00:00,2026-04-15T11:34:40.946981+00:00,4351252,205,2026-04-15T03:32:55+00:00,23,35.0,owner:4351252
BV1xBQ5B5ELp,author_expand,owner:4351252,2026-04-15T11:34:40.946981+00:00,2026-04-15T11:34:40.946981+00:00,4351252,205,2026-04-15T02:49:45+00:00,25,24.0,owner:4351252
BV184Q5BQE1o,author_expand,owner:4351252,2026-04-15T11:34:40.946981+00:00,2026-04-15T11:34:40.946981+00:00,4351252,205,2026-04-15T02:29:19+00:00,245,456.0,owner:4351252
BV1g4Q5BXEQ2,author_expand,owner:4351252,2026-04-15T11:34:40.946981+00:00,2026-04-15T11:34:40.946981+00:00,4351252,205,2026-04-15T02:28:33+00:00,38,14171.0,owner:4351252
BV15cQLBbEgh,author_expand,owner:4351252,2026-04-15T11:34:40.946981+00:00,2026-04-15T11:34:40.946981+00:00,4351252,205,2026-04-15T01:47:00+00:00,32,4711.0,owner:4351252
BV1B9Q5BPEPy,author_expand,owner:4351252,2026-04-15T11:34:40.946981+00:00,2026-04-15T11:34:40.946981+00:00,4351252,205,2026-04-15T01:14:21+00:00,33,1022.0,owner:4351252
BV1K7QLBmEEK,author_expand,owner:4351252,2026-04-15T11:34:40.946981+00:00,2026-04-15T11:34:40.946981+00:00,4351252,205,2026-04-15T00:06:06+00:00,34,456.0,owner:4351252
BV1G6Q3BjEVw,author_expand,owner:4351252,2026-04-15T11:34:40.946981+00:00,2026-04-15T11:34:40.946981+00:00,4351252,205,2026-04-14T15:44:56+00:00,27,98.0,owner:4351252
BV1quQGBxER3,author_expand,owner:4351252,2026-04-15T11:34:40.946981+00:00,2026-04-15T11:34:40.946981+00:00,4351252,205,2026-04-14T15:32:03+00:00,24,83.0,owner:4351252
BV1vLQGBHE3R,author_expand,owner:4351252,2026-04-15T11:34:40.946981+00:00,2026-04-15T11:34:40.946981+00:00,4351252,205,2026-04-14T15:15:49+00:00,38,601.0,owner:4351252
BV1pfQ3BPEdC,author_expand,owner:4351252,2026-04-15T11:34:40.946981+00:00,2026-04-15T11:34:40.946981+00:00,4351252,205,2026-04-14T14:51:37+00:00,26,102.0,owner:4351252
BV1HCQGBAET7,author_expand,owner:4351252,2026-04-15T11:34:40.946981+00:00,2026-04-15T11:34:40.946981+00:00,4351252,205,2026-04-14T14:16:01+00:00,20,643.0,owner:4351252
BV1xaQGB6EX2,author_expand,owner:4351252,2026-04-15T11:34:40.946981+00:00,2026-04-15T11:34:40.946981+00:00,4351252,205,2026-04-14T13:35:30+00:00,11,82.0,owner:4351252
BV1ukQuBTEGL,author_expand,owner:4351252,2026-04-15T11:34:40.946981+00:00,2026-04-15T11:34:40.946981+00:00,4351252,205,2026-04-14T13:14:59+00:00,32,92.0,owner:4351252
BV11UQuBwE4U,author_expand,owner:4351252,2026-04-15T11:34:40.946981+00:00,2026-04-15T11:34:40.946981+00:00,4351252,205,2026-04-14T12:59:30+00:00,25,38.0,owner:4351252
BV1aiQuB3E3m,author_expand,owner:4351252,2026-04-15T11:34:40.946981+00:00,2026-04-15T11:34:40.946981+00:00,4351252,205,2026-04-14T12:22:46+00:00,14,65.0,owner:4351252
BV1duQgBmETu,author_expand,owner:4351252,2026-04-15T11:34:40.946981+00:00,2026-04-15T11:34:40.946981+00:00,4351252,205,2026-04-14T12:16:21+00:00,19,49.0,owner:4351252
BV1shQgBYEdb,author_expand,owner:4351252,2026-04-15T11:34:40.946981+00:00,2026-04-15T11:34:40.946981+00:00,4351252,205,2026-04-14T10:56:03+00:00,26,59.0,owner:4351252
BV1GiQuB3ENe,author_expand,owner:268552373,2026-04-15T11:34:54.029561+00:00,2026-04-15T11:34:54.029561+00:00,268552373,227,2026-04-14T12:24:36+00:00,101,2760.0,owner:268552373
BV1HrQGBeEfm,author_expand,owner:405857959,2026-04-15T11:35:37.175893+00:00,2026-04-15T11:35:37.175893+00:00,405857959,26,2026-04-14T14:02:43+00:00,35,24134.0,owner:405857959
BV1hQQ7BAEo9,author_expand,owner:442925663,2026-04-15T11:35:48.893154+00:00,2026-04-15T11:35:48.893154+00:00,442925663,164,2026-04-15T11:13:50+00:00,16,10.0,owner:442925663
BV1yrQ5BGExf,author_expand,owner:442925663,2026-04-15T11:35:48.893154+00:00,2026-04-15T11:35:48.893154+00:00,442925663,164,2026-04-15T02:58:43+00:00,56,258.0,owner:442925663
BV1roQuBoEHx,author_expand,owner:442925663,2026-04-15T11:35:48.893154+00:00,2026-04-15T11:35:48.893154+00:00,442925663,164,2026-04-14T11:43:41+00:00,27,159.0,owner:442925663
BV1k8Q7B7Ex7,author_expand,owner:489715452,2026-04-15T11:35:57.338984+00:00,2026-04-15T11:35:57.338984+00:00,489715452,200,2026-04-15T10:00:00+00:00,1065,1218.0,owner:489715452
BV1AWQLBCEVr,author_expand,owner:1242771265,2026-04-15T11:36:11.524965+00:00,2026-04-15T11:36:11.524965+00:00,1242771265,168,2026-04-14T23:48:26+00:00,67,5259.0,owner:1242771265
BV128QvBgES4,author_expand,owner:1268631936,2026-04-15T11:36:20.525838+00:00,2026-04-15T11:36:20.525838+00:00,1268631936,168,2026-04-14T13:52:00+00:00,88134,2913.0,owner:1268631936
BV112QEBsENG,author_expand,owner:1794194767,2026-04-15T11:38:09.228435+00:00,2026-04-15T11:38:09.228435+00:00,1794194767,137,2026-04-15T09:48:55+00:00,54,305.0,owner:1794194767
BV18xQGByEc5,author_expand,owner:1794194767,2026-04-15T11:38:09.228435+00:00,2026-04-15T11:38:09.228435+00:00,1794194767,137,2026-04-14T13:54:18+00:00,28,1075.0,owner:1794194767
BV1rnDDBBEcS,author_expand,owner:3546377623702308,2026-04-15T11:39:49.667299+00:00,2026-04-15T11:39:49.667299+00:00,3546377623702308,210,2026-04-15T11:35:00+00:00,438,90.0,owner:3546377623702308
BV1EvQLBKE3h,author_expand,owner:3546716030634151,2026-04-15T11:40:34.024640+00:00,2026-04-15T11:40:34.024640+00:00,3546716030634151,182,2026-04-15T00:30:04+00:00,1320,19189.0,owner:3546716030634151
BV1TjQLBEE7M,author_expand,owner:3546716030634151,2026-04-15T11:40:34.024640+00:00,2026-04-15T11:40:34.024640+00:00,3546716030634151,182,2026-04-15T00:13:53+00:00,252,6033.0,owner:3546716030634151
BV17FQJB1Ert,author_expand,owner:3546959587576752,2026-04-15T11:40:56.085929+00:00,2026-04-15T11:40:56.085929+00:00,3546959587576752,27,2026-04-15T07:46:07+00:00,4613,4112.0,owner:3546959587576752
BV1AcQ5B6EkG,author_expand,owner:3546959587576752,2026-04-15T11:40:56.085929+00:00,2026-04-15T11:40:56.085929+00:00,3546959587576752,27,2026-04-14T18:18:08+00:00,2123,974.0,owner:3546959587576752
BV1ReQ3BJEMt,author_expand,owner:3546959587576752,2026-04-15T11:40:56.085929+00:00,2026-04-15T11:40:56.085929+00:00,3546959587576752,27,2026-04-14T16:00:58+00:00,2120,1107.0,owner:3546959587576752
BV1eLQGBHE7G,author_expand,owner:3546959587576752,2026-04-15T11:40:56.085929+00:00,2026-04-15T11:40:56.085929+00:00,3546959587576752,27,2026-04-14T15:15:37+00:00,2252,798.0,owner:3546959587576752
BV1rhQ7B2E1G,author_expand,owner:6139358,2026-04-15T11:42:31.923969+00:00,2026-04-15T11:42:31.923969+00:00,6139358,227,2026-04-15T04:11:51+00:00,701,539.0,owner:6139358
BV1xqQjBXEBs,author_expand,owner:387439634,2026-04-15T11:45:09.260723+00:00,2026-04-15T11:45:09.260723+00:00,387439634,207,2026-04-15T05:42:47+00:00,928,591.0,owner:387439634
BV1eMQJBgEix,author_expand,owner:401266391,2026-04-15T11:45:11.684644+00:00,2026-04-15T11:45:11.684644+00:00,401266391,199,2026-04-15T08:29:01+00:00,18,159.0,owner:401266391
BV1yPQjBjEBw,author_expand,owner:401266391,2026-04-15T11:45:11.684644+00:00,2026-04-15T11:45:11.684644+00:00,401266391,199,2026-04-15T06:49:47+00:00,16,182.0,owner:401266391
BV1b7Q7BxEGq,author_expand,owner:401266391,2026-04-15T11:45:11.684644+00:00,2026-04-15T11:45:11.684644+00:00,401266391,199,2026-04-15T03:24:45+00:00,15,268.0,owner:401266391
BV1igQGBREdw,author_expand,owner:401266391,2026-04-15T11:45:11.684644+00:00,2026-04-15T11:45:11.684644+00:00,401266391,199,2026-04-14T15:25:08+00:00,12,219.0,owner:401266391
BV19hQuBCEhp,author_expand,owner:401266391,2026-04-15T11:45:11.684644+00:00,2026-04-15T11:45:11.684644+00:00,401266391,199,2026-04-14T12:35:47+00:00,18,310.0,owner:401266391
BV1wiQgBcEvS,author_expand,owner:1439815342,2026-04-15T11:45:13.233486+00:00,2026-04-15T11:45:13.233486+00:00,1439815342,159,2026-04-14T11:00:24+00:00,55,187.0,owner:1439815342
BV1oqQ7BrERf,author_expand,owner:1458436838,2026-04-15T11:45:22.542553+00:00,2026-04-15T11:45:22.542553+00:00,1458436838,231,2026-04-15T03:54:34+00:00,5547,267.0,owner:1458436838
BV1p6QGBNEk2,author_expand,owner:3461573012097093,2026-04-15T11:45:35.402224+00:00,2026-04-15T11:45:35.402224+00:00,3461573012097093,85,2026-04-14T14:05:47+00:00,33,412.0,owner:3461573012097093
BV1oHQEBrEr6,author_expand,owner:3546923405412576,2026-04-15T11:46:24.584117+00:00,2026-04-15T11:46:24.584117+00:00,3546923405412576,22,2026-04-15T10:53:23+00:00,61,327.0,owner:3546923405412576
BV1mCQuBvESM,author_expand,owner:3546923405412576,2026-04-15T11:46:24.584117+00:00,2026-04-15T11:46:24.584117+00:00,3546923405412576,22,2026-04-14T13:10:22+00:00,99,1053.0,owner:3546923405412576
BV1u3Q7B8EDG,author_expand,owner:3546936846059540,2026-04-15T11:47:08.343426+00:00,2026-04-15T11:47:08.343426+00:00,3546936846059540,195,2026-04-15T11:18:52+00:00,22319,181.0,owner:3546936846059540
BV1WzQ5BCEwB,author_expand,owner:3546936846059540,2026-04-15T11:47:08.343426+00:00,2026-04-15T11:47:08.343426+00:00,3546936846059540,195,2026-04-15T04:20:00+00:00,12400,2281.0,owner:3546936846059540
BV1GYQuBVExk,author_expand,owner:3691009749813915,2026-04-15T11:47:33.852928+00:00,2026-04-15T11:47:33.852928+00:00,3691009749813915,27,2026-04-14T12:56:30+00:00,1932,890.0,owner:3691009749813915
BV1XYQuBGEAY,author_expand,owner:3691009749813915,2026-04-15T11:47:33.852928+00:00,2026-04-15T11:47:33.852928+00:00,3691009749813915,27,2026-04-14T12:54:58+00:00,1921,138.0,owner:3691009749813915
BV1QYQuBGE1P,author_expand,owner:3691009749813915,2026-04-15T11:47:33.852928+00:00,2026-04-15T11:47:33.852928+00:00,3691009749813915,27,2026-04-14T12:54:46+00:00,1923,377.0,owner:3691009749813915
BV1GYQuBVEsN,author_expand,owner:3691009749813915,2026-04-15T11:47:33.852928+00:00,2026-04-15T11:47:33.852928+00:00,3691009749813915,27,2026-04-14T12:51:47+00:00,1931,383.0,owner:3691009749813915
BV13eQuBkE2Z,author_expand,owner:3691009749813915,2026-04-15T11:47:33.852928+00:00,2026-04-15T11:47:33.852928+00:00,3691009749813915,27,2026-04-14T12:49:58+00:00,15773,3898.0,owner:3691009749813915
BV1rwQGBcE7k,author_expand,owner:13036894,2026-04-15T11:47:43.701186+00:00,2026-04-15T11:47:43.701186+00:00,13036894,237,2026-04-15T00:15:00+00:00,1346,3470.0,owner:13036894
BV1GNQ7BeEUg,author_expand,owner:334195631,2026-04-15T11:49:13.766423+00:00,2026-04-15T11:49:13.766423+00:00,334195631,168,2026-04-15T05:06:06+00:00,32,104.0,owner:334195631
BV1CMQEBnE6D,author_expand,owner:370405299,2026-04-15T11:49:15.949884+00:00,2026-04-15T11:49:15.949884+00:00,370405299,71,2026-04-15T10:23:31+00:00,229,818.0,owner:370405299
BV1ZwQJB5Ekb,author_expand,owner:370405299,2026-04-15T11:49:15.949884+00:00,2026-04-15T11:49:15.949884+00:00,370405299,71,2026-04-15T07:40:17+00:00,180,7133.0,owner:370405299
BV11kQjBJEsG,author_expand,owner:393694091,2026-04-15T11:49:27.652228+00:00,2026-04-15T11:49:27.652228+00:00,393694091,154,2026-04-15T06:29:11+00:00,32,149.0,owner:393694091
BV1sBQ5B5EfD,author_expand,owner:393694091,2026-04-15T11:49:27.652228+00:00,2026-04-15T11:49:27.652228+00:00,393694091,154,2026-04-15T02:48:48+00:00,37,1263.0,owner:393694091
BV1sNQEBWEcE,author_expand,owner:474197110,2026-04-15T11:49:33.014115+00:00,2026-04-15T11:49:33.014115+00:00,474197110,237,2026-04-15T10:24:43+00:00,390,855.0,owner:474197110
BV12qQjBXEox,author_expand,owner:569784264,2026-04-15T11:49:42.620003+00:00,2026-04-15T11:49:42.620003+00:00,569784264,71,2026-04-15T07:00:00+00:00,179,151.0,owner:569784264
BV1VTQ7BAEWS,author_expand,owner:569784264,2026-04-15T11:49:42.620003+00:00,2026-04-15T11:49:42.620003+00:00,569784264,71,2026-04-15T05:17:16+00:00,61,56.0,owner:569784264
BV15NQ7BeEAr,author_expand,owner:569784264,2026-04-15T11:49:42.620003+00:00,2026-04-15T11:49:42.620003+00:00,569784264,71,2026-04-15T05:04:53+00:00,997,95.0,owner:569784264
BV133Q7B8Ejs,author_expand,owner:569784264,2026-04-15T11:49:42.620003+00:00,2026-04-15T11:49:42.620003+00:00,569784264,71,2026-04-15T05:00:00+00:00,647,275.0,owner:569784264
BV1zdQjB6ELG,author_expand,owner:569784264,2026-04-15T11:49:42.620003+00:00,2026-04-15T11:49:42.620003+00:00,569784264,71,2026-04-15T04:42:07+00:00,755,234.0,owner:569784264
BV16QQjBVEYW,author_expand,owner:569784264,2026-04-15T11:49:42.620003+00:00,2026-04-15T11:49:42.620003+00:00,569784264,71,2026-04-15T04:33:52+00:00,784,181.0,owner:569784264
BV1pDDWBPEeo,author_expand,owner:3494356069649346,2026-04-15T11:50:46.797876+00:00,2026-04-15T11:50:46.797876+00:00,3494356069649346,207,2026-04-15T10:24:00+00:00,92,133.0,owner:3494356069649346
BV1w3QEBJEr6,author_expand,owner:3546786627062259,2026-04-15T11:51:40.637802+00:00,2026-04-15T11:51:40.637802+00:00,3546786627062259,75,2026-04-15T10:00:39+00:00,61,36.0,owner:3546786627062259
BV1VuQJBzEDD,author_expand,owner:3546786627062259,2026-04-15T11:51:40.637802+00:00,2026-04-15T11:51:40.637802+00:00,3546786627062259,75,2026-04-15T08:43:30+00:00,59,225.0,owner:3546786627062259
BV1YMQ7BaEhC,author_expand,owner:3546786627062259,2026-04-15T11:51:40.637802+00:00,2026-04-15T11:51:40.637802+00:00,3546786627062259,75,2026-04-15T05:14:41+00:00,71,253.0,owner:3546786627062259
BV1fiQ7BGE5T,author_expand,owner:3632317247523083,2026-04-15T11:51:42.590409+00:00,2026-04-15T11:51:42.590409+00:00,3632317247523083,76,2026-04-15T03:39:02+00:00,27,153.0,owner:3632317247523083
BV1ssQ7BDEgd,author_expand,owner:3632317247523083,2026-04-15T11:51:42.590409+00:00,2026-04-15T11:51:42.590409+00:00,3632317247523083,76,2026-04-15T03:18:43+00:00,89,818.0,owner:3632317247523083
BV1H1Q5BzEhM,author_expand,owner:3632317247523083,2026-04-15T11:51:42.590409+00:00,2026-04-15T11:51:42.590409+00:00,3632317247523083,76,2026-04-15T02:46:05+00:00,31,102.0,owner:3632317247523083
BV1wyQ5B3EBh,author_expand,owner:416357897,2026-04-15T11:53:46.653984+00:00,2026-04-15T11:53:46.653984+00:00,416357897,208,2026-04-15T11:53:15+00:00,647726,0.0,owner:416357897
BV1AMQEBHEZU,author_expand,owner:416357897,2026-04-15T11:53:46.653984+00:00,2026-04-15T11:53:46.653984+00:00,416357897,208,2026-04-15T10:25:24+00:00,44,17.0,owner:416357897
BV1c8Q7B7EGU,author_expand,owner:435466646,2026-04-15T11:53:55.817115+00:00,2026-04-15T11:53:55.817115+00:00,435466646,171,2026-04-15T03:59:16+00:00,13,40.0,owner:435466646
BV1c8Q7B7EjQ,author_expand,owner:435466646,2026-04-15T11:53:55.817115+00:00,2026-04-15T11:53:55.817115+00:00,435466646,171,2026-04-15T03:58:39+00:00,9,16.0,owner:435466646
BV1c8Q7B7EEh,author_expand,owner:435466646,2026-04-15T11:53:55.817115+00:00,2026-04-15T11:53:55.817115+00:00,435466646,171,2026-04-15T03:58:05+00:00,9,13.0,owner:435466646
BV1c8Q7B7Epn,author_expand,owner:435466646,2026-04-15T11:53:55.817115+00:00,2026-04-15T11:53:55.817115+00:00,435466646,171,2026-04-15T03:57:28+00:00,12,129.0,owner:435466646
BV1c8Q7B7EYD,author_expand,owner:435466646,2026-04-15T11:53:55.817115+00:00,2026-04-15T11:53:55.817115+00:00,435466646,171,2026-04-15T03:56:54+00:00,14,29.0,owner:435466646
BV1c8Q7B7EDZ,author_expand,owner:435466646,2026-04-15T11:53:55.817115+00:00,2026-04-15T11:53:55.817115+00:00,435466646,171,2026-04-15T03:56:21+00:00,15,37.0,owner:435466646
BV1n8Q7B7ESt,author_expand,owner:435466646,2026-04-15T11:53:55.817115+00:00,2026-04-15T11:53:55.817115+00:00,435466646,171,2026-04-15T03:55:49+00:00,16,27.0,owner:435466646
BV1c8Q7B7EBS,author_expand,owner:435466646,2026-04-15T11:53:55.817115+00:00,2026-04-15T11:53:55.817115+00:00,435466646,171,2026-04-15T03:55:30+00:00,13,105.0,owner:435466646
BV1oqQ7BrEku,author_expand,owner:435466646,2026-04-15T11:53:55.817115+00:00,2026-04-15T11:53:55.817115+00:00,435466646,171,2026-04-15T03:54:44+00:00,14,168.0,owner:435466646
BV1ZqQ7BkEAf,author_expand,owner:435466646,2026-04-15T11:53:55.817115+00:00,2026-04-15T11:53:55.817115+00:00,435466646,171,2026-04-15T03:54:13+00:00,18,147.0,owner:435466646
BV1oqQ7BrECV,author_expand,owner:435466646,2026-04-15T11:53:55.817115+00:00,2026-04-15T11:53:55.817115+00:00,435466646,171,2026-04-15T03:53:56+00:00,13,95.0,owner:435466646
BV1oqQ7BrEoG,author_expand,owner:435466646,2026-04-15T11:53:55.817115+00:00,2026-04-15T11:53:55.817115+00:00,435466646,171,2026-04-15T03:52:46+00:00,17,968.0,owner:435466646
BV1giQuB3Err,author_expand,owner:479775407,2026-04-15T11:54:00.135039+00:00,2026-04-15T11:54:00.135039+00:00,479775407,75,2026-04-14T12:24:33+00:00,142,2315.0,owner:479775407
BV1YMQ7BaEch,author_expand,owner:691121192,2026-04-15T11:54:40.407471+00:00,2026-04-15T11:54:40.407471+00:00,691121192,21,2026-04-15T05:16:26+00:00,98,781.0,owner:691121192
BV14bQGBkEQM,author_expand,owner:691121192,2026-04-15T11:54:40.407471+00:00,2026-04-15T11:54:40.407471+00:00,691121192,199,2026-04-14T13:27:36+00:00,604,294.0,owner:691121192
BV1XSQ7BeEpt,author_expand,owner:229849688,2026-04-15T11:57:57.519170+00:00,2026-04-15T11:57:57.519170+00:00,229849688,138,2026-04-15T11:17:51+00:00,25,5.0,owner:229849688
BV1SNDDBUEpg,author_expand,owner:474980480,2026-04-15T11:58:50.105924+00:00,2026-04-15T11:58:50.105924+00:00,474980480,242,2026-04-15T10:00:00+00:00,64,14.0,owner:474980480
BV1jMDSBZEdf,author_expand,owner:474980480,2026-04-15T11:58:50.105924+00:00,2026-04-15T11:58:50.105924+00:00,474980480,242,2026-04-15T08:00:00+00:00,166,47.0,owner:474980480
BV15KD1BCEUc,author_expand,owner:474980480,2026-04-15T11:58:50.105924+00:00,2026-04-15T11:58:50.105924+00:00,474980480,242,2026-04-15T06:00:00+00:00,61,755.0,owner:474980480
BV1kSDyBsEpj,author_expand,owner:474980480,2026-04-15T11:58:50.105924+00:00,2026-04-15T11:58:50.105924+00:00,474980480,242,2026-04-15T04:00:00+00:00,118,692.0,owner:474980480
BV1pSDyBsEau,author_expand,owner:474980480,2026-04-15T11:58:50.105924+00:00,2026-04-15T11:58:50.105924+00:00,474980480,242,2026-04-15T02:00:00+00:00,106,1813.0,owner:474980480
BV1pSDyBsEg4,author_expand,owner:474980480,2026-04-15T11:58:50.105924+00:00,2026-04-15T11:58:50.105924+00:00,474980480,242,2026-04-15T00:00:00+00:00,109,864.0,owner:474980480
BV1ppQPByEhw,author_expand,owner:474980480,2026-04-15T11:58:50.105924+00:00,2026-04-15T11:58:50.105924+00:00,474980480,242,2026-04-14T16:00:00+00:00,218,544.0,owner:474980480
BV1ppQPByE2T,author_expand,owner:474980480,2026-04-15T11:58:50.105924+00:00,2026-04-15T11:58:50.105924+00:00,474980480,242,2026-04-14T14:00:00+00:00,222,42.0,owner:474980480
BV1taQ5BEETi,author_expand,owner:490187919,2026-04-15T11:58:52.061423+00:00,2026-04-15T11:58:52.061423+00:00,490187919,200,2026-04-15T01:59:04+00:00,37,98.0,owner:490187919
BV1TVQLBnE7Q,author_expand,owner:490187919,2026-04-15T11:58:52.061423+00:00,2026-04-15T11:58:52.061423+00:00,490187919,200,2026-04-15T00:02:20+00:00,45,137.0,owner:490187919
BV1DHQGB7E8J,author_expand,owner:490187919,2026-04-15T11:58:52.061423+00:00,2026-04-15T11:58:52.061423+00:00,490187919,200,2026-04-14T13:49:28+00:00,37,109.0,owner:490187919
BV1t8Q5BSE7k,author_expand,owner:1067572640,2026-04-15T11:59:38.033772+00:00,2026-04-15T11:59:38.033772+00:00,1067572640,183,2026-04-15T01:59:44+00:00,214,189.0,owner:1067572640
BV1LRQ5BYEQw,author_expand,owner:1067572640,2026-04-15T11:59:38.033772+00:00,2026-04-15T11:59:38.033772+00:00,1067572640,183,2026-04-15T00:52:51+00:00,268,397.0,owner:1067572640
BV14bQGBkE46,author_expand,owner:1067572640,2026-04-15T11:59:38.033772+00:00,2026-04-15T11:59:38.033772+00:00,1067572640,183,2026-04-14T13:26:44+00:00,273,1008.0,owner:1067572640
BV1r5QEBjEwR,author_expand,owner:3461570468251964,2026-04-15T11:59:54.310392+00:00,2026-04-15T11:59:54.310392+00:00,3461570468251964,17,2026-04-15T10:06:51+00:00,47,356.0,owner:3461570468251964
BV1J9QEBSEXm,author_expand,owner:3546392112924746,2026-04-15T12:00:19.107616+00:00,2026-04-15T12:00:19.107616+00:00,3546392112924746,218,2026-04-15T08:02:49+00:00,178,1902.0,owner:3546392112924746
BV1qdQjB6EY3,author_expand,owner:3546392112924746,2026-04-15T12:00:19.107616+00:00,2026-04-15T12:00:19.107616+00:00,3546392112924746,218,2026-04-15T04:40:57+00:00,213,2390.0,owner:3546392112924746
BV1bPQFB3ESL,author_expand,owner:3690987389979065,2026-04-15T12:00:22.800476+00:00,2026-04-15T12:00:22.800476+00:00,3690987389979065,168,2026-04-15T09:55:00+00:00,75,19.0,owner:3690987389979065
BV1UPQFB3EDi,author_expand,owner:3690987389979065,2026-04-15T12:00:22.800476+00:00,2026-04-15T12:00:22.800476+00:00,3690987389979065,168,2026-04-15T09:50:00+00:00,75,33.0,owner:3690987389979065
BV1YhQEBvEPC,author_expand,owner:3690987389979065,2026-04-15T12:00:22.800476+00:00,2026-04-15T12:00:22.800476+00:00,3690987389979065,168,2026-04-15T09:05:41+00:00,125,35.0,owner:3690987389979065
BV1pfQ3BPEiV,author_expand,owner:37659653,2026-04-15T12:00:50.495458+00:00,2026-04-15T12:00:50.495458+00:00,37659653,238,2026-04-14T14:58:20+00:00,720,9228.0,owner:37659653
BV1cxQLBGEUQ,author_expand,owner:131583740,2026-04-15T12:01:14.468457+00:00,2026-04-15T12:01:14.468457+00:00,131583740,173,2026-04-15T00:40:46+00:00,17221,2779.0,owner:131583740
BV1LwQ7BiExJ,author_expand,owner:3494368824527377,2026-04-15T12:02:56.476558+00:00,2026-04-15T12:02:56.476558+00:00,3494368824527377,171,2026-04-15T04:24:26+00:00,820,4149.0,owner:3494368824527377
BV1seQGBuE9R,author_expand,owner:3494368824527377,2026-04-15T12:02:56.476558+00:00,2026-04-15T12:02:56.476558+00:00,3494368824527377,171,2026-04-14T14:22:55+00:00,1089,3053.0,owner:3494368824527377
BV1YEQGBJEB3,author_expand,owner:3546759944997753,2026-04-15T12:03:05.400240+00:00,2026-04-15T12:03:05.400240+00:00,3546759944997753,152,2026-04-14T15:21:14+00:00,35,5182.0,owner:3546759944997753
BV183Q7B8EZP,author_expand,owner:3632305295854334,2026-04-15T12:03:49.721567+00:00,2026-04-15T12:03:49.721567+00:00,3632305295854334,213,2026-04-15T10:18:00+00:00,154,1983.0,owner:3632305295854334
BV1u7QJBPEux,author_expand,owner:416220600,2026-04-15T12:04:21.831986+00:00,2026-04-15T12:04:21.831986+00:00,416220600,19,2026-04-15T08:20:29+00:00,11,165.0,owner:416220600
BV1NiQ5B2ED6,author_expand,owner:416220600,2026-04-15T12:04:21.831986+00:00,2026-04-15T12:04:21.831986+00:00,416220600,19,2026-04-15T02:52:12+00:00,10,21.0,owner:416220600
BV1QeQuBrEGf,author_expand,owner:416220600,2026-04-15T12:04:21.831986+00:00,2026-04-15T12:04:21.831986+00:00,416220600,19,2026-04-14T12:42:35+00:00,11,984.0,owner:416220600
BV1SQQ7BwE1h,author_expand,owner:3546756103015295,2026-04-15T12:05:54.766229+00:00,2026-04-15T12:05:54.766229+00:00,3546756103015295,19,2026-04-15T11:12:28+00:00,627,28.0,owner:3546756103015295
BV1gQQ7BAEDc,author_expand,owner:3546756103015295,2026-04-15T12:05:54.766229+00:00,2026-04-15T12:05:54.766229+00:00,3546756103015295,19,2026-04-15T11:12:08+00:00,301,6.0,owner:3546756103015295
BV1DQQ7BwEUd,author_expand,owner:3546756103015295,2026-04-15T12:05:54.766229+00:00,2026-04-15T12:05:54.766229+00:00,3546756103015295,19,2026-04-15T11:10:34+00:00,242,5.0,owner:3546756103015295
BV1X2Q7BvEoc,author_expand,owner:3546756103015295,2026-04-15T12:05:54.766229+00:00,2026-04-15T12:05:54.766229+00:00,3546756103015295,19,2026-04-15T11:09:51+00:00,1055,27.0,owner:3546756103015295
BV1GUQ7BNEYw,author_expand,owner:3546756103015295,2026-04-15T12:05:54.766229+00:00,2026-04-15T12:05:54.766229+00:00,3546756103015295,19,2026-04-15T11:05:12+00:00,621,8.0,owner:3546756103015295
BV1dHQEBrEy2,author_expand,owner:3546756103015295,2026-04-15T12:05:54.766229+00:00,2026-04-15T12:05:54.766229+00:00,3546756103015295,19,2026-04-15T10:55:21+00:00,251,6.0,owner:3546756103015295
BV17EQEByEzQ,author_expand,owner:3546756103015295,2026-04-15T12:05:54.766229+00:00,2026-04-15T12:05:54.766229+00:00,3546756103015295,19,2026-04-15T10:48:11+00:00,596,15.0,owner:3546756103015295
BV1oEQEBCE9S,author_expand,owner:3546756103015295,2026-04-15T12:05:54.766229+00:00,2026-04-15T12:05:54.766229+00:00,3546756103015295,19,2026-04-15T10:47:45+00:00,290,16.0,owner:3546756103015295
BV194QEBMEtY,author_expand,owner:3546756103015295,2026-04-15T12:05:54.766229+00:00,2026-04-15T12:05:54.766229+00:00,3546756103015295,19,2026-04-15T10:43:19+00:00,338,7.0,owner:3546756103015295
BV1YtQEBqEsi,author_expand,owner:3546756103015295,2026-04-15T12:05:54.766229+00:00,2026-04-15T12:05:54.766229+00:00,3546756103015295,19,2026-04-15T10:38:45+00:00,238,4.0,owner:3546756103015295
BV1iWQEBgEap,author_expand,owner:3546756103015295,2026-04-15T12:05:54.766229+00:00,2026-04-15T12:05:54.766229+00:00,3546756103015295,19,2026-04-15T10:34:41+00:00,424,42.0,owner:3546756103015295
BV1esQEBzErX,author_expand,owner:3546756103015295,2026-04-15T12:05:54.766229+00:00,2026-04-15T12:05:54.766229+00:00,3546756103015295,19,2026-04-15T10:30:57+00:00,936,15.0,owner:3546756103015295
BV19sQEBzE92,author_expand,owner:3546756103015295,2026-04-15T12:05:54.766229+00:00,2026-04-15T12:05:54.766229+00:00,3546756103015295,19,2026-04-15T10:29:48+00:00,993,12.0,owner:3546756103015295
BV1kMQEBnEk1,author_expand,owner:3546756103015295,2026-04-15T12:05:54.766229+00:00,2026-04-15T12:05:54.766229+00:00,3546756103015295,19,2026-04-15T10:26:24+00:00,301,15.0,owner:3546756103015295
BV1CNQEBpEkQ,author_expand,owner:3546756103015295,2026-04-15T12:05:54.766229+00:00,2026-04-15T12:05:54.766229+00:00,3546756103015295,19,2026-04-15T10:18:07+00:00,119,14.0,owner:3546756103015295
BV1CKQEBQExg,author_expand,owner:3546756103015295,2026-04-15T12:05:54.766229+00:00,2026-04-15T12:05:54.766229+00:00,3546756103015295,19,2026-04-15T10:15:28+00:00,414,19.0,owner:3546756103015295
BV1CKQEBQEEH,author_expand,owner:3546756103015295,2026-04-15T12:05:54.766229+00:00,2026-04-15T12:05:54.766229+00:00,3546756103015295,19,2026-04-15T10:14:15+00:00,884,22.0,owner:3546756103015295
BV1CKQEBQEiS,author_expand,owner:3546756103015295,2026-04-15T12:05:54.766229+00:00,2026-04-15T12:05:54.766229+00:00,3546756103015295,19,2026-04-15T10:14:05+00:00,602,17.0,owner:3546756103015295
BV193QgBjEYT,author_expand,owner:3546756103015295,2026-04-15T12:05:54.766229+00:00,2026-04-15T12:05:54.766229+00:00,3546756103015295,19,2026-04-14T12:13:45+00:00,1000,147.0,owner:3546756103015295
BV1RMQgBEEag,author_expand,owner:3546756103015295,2026-04-15T12:05:54.766229+00:00,2026-04-15T12:05:54.766229+00:00,3546756103015295,19,2026-04-14T12:02:54+00:00,796,430.0,owner:3546756103015295
BV1coQuBoEQf,author_expand,owner:3546756103015295,2026-04-15T12:05:54.766229+00:00,2026-04-15T12:05:54.766229+00:00,3546756103015295,19,2026-04-14T11:40:13+00:00,143,14.0,owner:3546756103015295
BV1noQuBoERJ,author_expand,owner:3546756103015295,2026-04-15T12:05:54.766229+00:00,2026-04-15T12:05:54.766229+00:00,3546756103015295,19,2026-04-14T11:39:16+00:00,106,59.0,owner:3546756103015295
BV1nfQuBxEkq,author_expand,owner:3546756103015295,2026-04-15T12:05:54.766229+00:00,2026-04-15T12:05:54.766229+00:00,3546756103015295,19,2026-04-14T11:36:10+00:00,115,47.0,owner:3546756103015295
BV1FfQuBxECi,author_expand,owner:3546756103015295,2026-04-15T12:05:54.766229+00:00,2026-04-15T12:05:54.766229+00:00,3546756103015295,19,2026-04-14T11:35:49+00:00,977,134.0,owner:3546756103015295
BV1C9QuBZEJn,author_expand,owner:3546756103015295,2026-04-15T12:05:54.766229+00:00,2026-04-15T12:05:54.766229+00:00,3546756103015295,19,2026-04-14T11:31:06+00:00,1006,58.0,owner:3546756103015295
BV1kdQuB4Egp,author_expand,owner:3546756103015295,2026-04-15T12:05:54.766229+00:00,2026-04-15T12:05:54.766229+00:00,3546756103015295,19,2026-04-14T11:29:41+00:00,401,147.0,owner:3546756103015295
BV1BAQgBQEZu,author_expand,owner:3546756103015295,2026-04-15T12:05:54.766229+00:00,2026-04-15T12:05:54.766229+00:00,3546756103015295,19,2026-04-14T11:26:34+00:00,971,155.0,owner:3546756103015295
BV17AQgBDEMx,author_expand,owner:3546756103015295,2026-04-15T12:05:54.766229+00:00,2026-04-15T12:05:54.766229+00:00,3546756103015295,19,2026-04-14T11:23:56+00:00,150,128.0,owner:3546756103015295
BV1BNQgBnENL,author_expand,owner:3546756103015295,2026-04-15T12:05:54.766229+00:00,2026-04-15T12:05:54.766229+00:00,3546756103015295,19,2026-04-14T11:21:02+00:00,1538,503.0,owner:3546756103015295
BV1axQ5BpEgJ,author_expand,owner:3493280171952766,2026-04-15T12:07:41.737860+00:00,2026-04-15T12:07:41.737860+00:00,3493280171952766,17,2026-04-15T02:15:20+00:00,40,51.0,owner:3493280171952766
BV19jQGBDEqr,author_expand,owner:3493280171952766,2026-04-15T12:07:41.737860+00:00,2026-04-15T12:07:41.737860+00:00,3493280171952766,17,2026-04-14T15:13:41+00:00,4268,14.0,owner:3493280171952766
BV16wQGBcEZm,author_expand,owner:3493280171952766,2026-04-15T12:07:41.737860+00:00,2026-04-15T12:07:41.737860+00:00,3493280171952766,172,2026-04-14T15:04:20+00:00,401,154.0,owner:3493280171952766
BV1fKQGBtEhi,author_expand,owner:3493280171952766,2026-04-15T12:07:41.737860+00:00,2026-04-15T12:07:41.737860+00:00,3493280171952766,173,2026-04-14T14:49:03+00:00,194,423.0,owner:3493280171952766
BV1V8QuBLEhe,author_expand,owner:3546939280853512,2026-04-15T12:07:52.799120+00:00,2026-04-15T12:07:52.799120+00:00,3546939280853512,136,2026-04-14T12:38:55+00:00,108,163.0,owner:3546939280853512
