board_rid,board_name,board_rank,bvid,source_type,source_ref,discovered_at,last_seen_at,owner_mid,tid,pubdate,duration_seconds,seed_score,source_refs
,,,BV1Df9FBnE1u,hot,hot:pn=1:ps=20,2026-04-09T13:11:53.543541+00:00,2026-04-09T13:11:53.543541+00:00,2057895471,138,2026-04-03T11:30:00+00:00,280,7392779.0,hot:pn=1:ps=20
,,,BV1o7DYB2Exe,hot,hot:pn=1:ps=20,2026-04-09T13:11:53.543541+00:00,2026-04-09T13:11:53.543541+00:00,1497463202,208,2026-04-07T09:20:00+00:00,94,3709932.0,hot:pn=1:ps=20
,,,BV1xTSQBVEkC,hot,hot:pn=1:ps=20,2026-04-09T13:11:53.543541+00:00,2026-04-09T13:11:53.543541+00:00,478610686,138,2026-04-05T13:30:00+00:00,360,5163557.0,hot:pn=1:ps=20
,,,BV1qmDLBPEob,hot,hot:pn=1:ps=20,2026-04-09T13:11:53.543541+00:00,2026-04-09T13:11:53.543541+00:00,1140672573,228,2026-04-08T10:24:54+00:00,749,1723343.0,hot:pn=1:ps=20
,,,BV13XDeBkEUG,hot,hot:pn=1:ps=20,2026-04-09T13:11:53.543541+00:00,2026-04-09T13:11:53.543541+00:00,3546694587255191,228,2026-04-07T11:26:02+00:00,419,2047461.0,hot:pn=1:ps=20
,,,BV17vDrBMEb1,hot,hot:pn=1:ps=20,2026-04-09T13:11:53.543541+00:00,2026-04-09T13:11:53.543541+00:00,59905809,22,2026-04-09T04:05:00+00:00,89,182466.0,hot:pn=1:ps=20
,,,BV1st9FBkE1T,hot,hot:pn=1:ps=20,2026-04-09T13:11:53.543541+00:00,2026-04-09T13:11:53.543541+00:00,16054375,22,2026-04-02T13:18:20+00:00,96,5121501.0,hot:pn=1:ps=20
,,,BV1QpSoBqEF8,hot,hot:pn=1:ps=20,2026-04-09T13:11:53.543541+00:00,2026-04-09T13:11:53.543541+00:00,346749212,183,2026-04-06T09:31:14+00:00,239,3201298.0,hot:pn=1:ps=20
,,,BV1a5DsBmEWZ,hot,hot:pn=1:ps=20,2026-04-09T13:11:53.543541+00:00,2026-04-09T13:11:53.543541+00:00,8680974,215,2026-04-09T09:30:00+00:00,529,137170.0,hot:pn=1:ps=20
,,,BV148D7BWEk6,hot,hot:pn=1:ps=20,2026-04-09T13:11:53.543541+00:00,2026-04-09T13:11:53.543541+00:00,203337614,182,2026-04-08T14:45:20+00:00,813,450581.0,hot:pn=1:ps=20
,,,BV1x1DWBqEp3,hot,hot:pn=1:ps=20,2026-04-09T13:11:53.543541+00:00,2026-04-09T13:11:53.543541+00:00,562197,250,2026-04-09T09:00:35+00:00,1162,138043.0,hot:pn=1:ps=20
,,,BV1XkDrBaEXm,hot,hot:pn=1:ps=20,2026-04-09T13:11:53.543541+00:00,2026-04-09T13:11:53.543541+00:00,472747194,207,2026-04-09T09:00:00+00:00,756,134634.0,hot:pn=1:ps=20
,,,BV1E1DLBvE43,hot,hot:pn=1:ps=20,2026-04-09T13:11:53.543541+00:00,2026-04-09T13:11:53.543541+00:00,99157282,212,2026-04-08T10:29:58+00:00,1082,1003792.0,hot:pn=1:ps=20
,,,BV1pYDiBPE57,hot,hot:pn=1:ps=20,2026-04-09T13:11:53.543541+00:00,2026-04-09T13:11:53.543541+00:00,528461028,250,2026-04-08T10:00:00+00:00,578,476782.0,hot:pn=1:ps=20
,,,BV1LTDsBpEWw,hot,hot:pn=1:ps=20,2026-04-09T13:11:53.543541+00:00,2026-04-09T13:11:53.543541+00:00,10462362,173,2026-04-09T09:55:00+00:00,970,205223.0,hot:pn=1:ps=20
,,,BV1oCDsBoEQc,hot,hot:pn=1:ps=20,2026-04-09T13:11:53.543541+00:00,2026-04-09T13:11:53.543541+00:00,386869863,182,2026-04-09T09:00:00+00:00,3679,114719.0,hot:pn=1:ps=20
,,,BV1QzDzBdE7h,hot,hot:pn=1:ps=20,2026-04-09T13:11:53.543541+00:00,2026-04-09T13:11:53.543541+00:00,3546689080133740,215,2026-04-08T10:00:00+00:00,1013,565072.0,hot:pn=1:ps=20
,,,BV1Nn9TBhEYR,hot,hot:pn=1:ps=20,2026-04-09T13:11:53.543541+00:00,2026-04-09T13:11:53.543541+00:00,946974,95,2026-04-03T09:03:14+00:00,3229,7697957.0,hot:pn=1:ps=20
,,,BV1CpDnBREkh,hot,hot:pn=1:ps=20,2026-04-09T13:11:53.543541+00:00,2026-04-09T13:11:53.543541+00:00,1839002753,31,2026-04-09T09:00:00+00:00,115,92254.0,hot:pn=1:ps=20
,,,BV1j2DiBsECg,hot,hot:pn=1:ps=20,2026-04-09T13:11:53.543541+00:00,2026-04-09T13:11:53.543541+00:00,498099165,252,2026-04-07T14:19:30+00:00,44,1616366.0,hot:pn=1:ps=20
,,,BV1ktDpBFEQN,hot,hot:pn=2:ps=20,2026-04-09T13:11:53.543541+00:00,2026-04-09T13:11:53.543541+00:00,3493260618106936,138,2026-04-09T04:32:07+00:00,74,2786007.0,hot:pn=2:ps=20
,,,BV1W5DjB1Eus,hot,hot:pn=2:ps=20,2026-04-09T13:11:53.543541+00:00,2026-04-09T13:11:53.543541+00:00,3546679452109538,138,2026-04-08T09:31:21+00:00,707,557971.0,hot:pn=2:ps=20
,,,BV115DEBpENi,hot,hot:pn=2:ps=20,2026-04-09T13:11:53.543541+00:00,2026-04-09T13:11:53.543541+00:00,2011298602,137,2026-04-09T11:00:00+00:00,3891,519214.0,hot:pn=2:ps=20
,,,BV1e4DWBSExY,hot,hot:pn=2:ps=20,2026-04-09T13:11:53.543541+00:00,2026-04-09T13:11:53.543541+00:00,327757321,21,2026-04-09T09:27:21+00:00,2006,149469.0,hot:pn=2:ps=20
,,,BV1NyDYBFEfS,hot,hot:pn=2:ps=20,2026-04-09T13:11:53.543541+00:00,2026-04-09T13:11:53.543541+00:00,3816626,250,2026-04-09T04:00:00+00:00,1968,185356.0,hot:pn=2:ps=20
,,,BV1cJDzB6EQ3,hot,hot:pn=2:ps=20,2026-04-09T13:11:53.543541+00:00,2026-04-09T13:11:53.543541+00:00,20457232,241,2026-04-08T02:34:59+00:00,914,1204085.0,hot:pn=2:ps=20
,,,BV1vyDpBEESx,hot,hot:pn=2:ps=20,2026-04-09T13:11:53.543541+00:00,2026-04-09T13:11:53.543541+00:00,7487399,182,2026-04-09T03:27:00+00:00,1019,331817.0,hot:pn=2:ps=20
,,,BV1jQD7BuEJ2,hot,hot:pn=2:ps=20,2026-04-09T13:11:53.543541+00:00,2026-04-09T13:11:53.543541+00:00,30898527,27,2026-04-09T03:30:00+00:00,103,246929.0,hot:pn=2:ps=20
,,,BV1j9DJB1EdU,hot,hot:pn=2:ps=20,2026-04-09T13:11:53.543541+00:00,2026-04-09T13:11:53.543541+00:00,3546888255048212,212,2026-04-09T03:30:00+00:00,259,819428.0,hot:pn=2:ps=20
,,,BV1xwXfBrErL,hot,hot:pn=2:ps=20,2026-04-09T13:11:53.543541+00:00,2026-04-09T13:11:53.543541+00:00,1479442448,228,2026-04-06T04:00:00+00:00,7988,2369000.0,hot:pn=2:ps=20
,,,BV1M4DLBmEFc,hot,hot:pn=2:ps=20,2026-04-09T13:11:53.543541+00:00,2026-04-09T13:11:53.543541+00:00,872665,182,2026-04-08T11:21:18+00:00,1196,507571.0,hot:pn=2:ps=20
,,,BV19MDeBkEpH,hot,hot:pn=2:ps=20,2026-04-09T13:11:53.543541+00:00,2026-04-09T13:11:53.543541+00:00,5590480,95,2026-04-07T12:16:00+00:00,247,560869.0,hot:pn=2:ps=20
,,,BV1GeDvByEKR,hot,hot:pn=2:ps=20,2026-04-09T13:11:53.543541+00:00,2026-04-09T13:11:53.543541+00:00,1157901692,216,2026-04-07T09:27:01+00:00,147,1429155.0,hot:pn=2:ps=20
,,,BV1H3DvB8Ebd,hot,hot:pn=2:ps=20,2026-04-09T13:11:53.543541+00:00,2026-04-09T13:11:53.543541+00:00,20165629,232,2026-04-07T10:29:24+00:00,19,3416151.0,hot:pn=2:ps=20
,,,BV1zvDpBsEJC,hot,hot:pn=2:ps=20,2026-04-09T13:11:53.543541+00:00,2026-04-09T13:11:53.543541+00:00,7327911,212,2026-04-09T09:00:00+00:00,1558,179677.0,hot:pn=2:ps=20
,,,BV1YFDrBwEJu,hot,hot:pn=2:ps=20,2026-04-09T13:11:53.543541+00:00,2026-04-09T13:11:53.543541+00:00,525952604,183,2026-04-08T06:44:36+00:00,37,3322270.0,hot:pn=2:ps=20
,,,BV1jjSoBkEcw,hot,hot:pn=2:ps=20,2026-04-09T13:11:53.543541+00:00,2026-04-09T13:11:53.543541+00:00,323024456,215,2026-04-06T11:03:02+00:00,2434,3031306.0,hot:pn=2:ps=20
,,,BV1J8DaBSEEb,hot,hot:pn=2:ps=20,2026-04-09T13:11:53.543541+00:00,2026-04-09T13:11:53.543541+00:00,384425347,65,2026-04-07T10:00:00+00:00,166,962670.0,hot:pn=2:ps=20
,,,BV1eNDFB2Epz,hot,hot:pn=2:ps=20,2026-04-09T13:11:53.543541+00:00,2026-04-09T13:11:53.543541+00:00,95481572,76,2026-04-06T10:08:58+00:00,115,1608017.0,hot:pn=2:ps=20
,,,BV12eSoBFETE,hot,hot:pn=2:ps=20,2026-04-09T13:11:53.543541+00:00,2026-04-09T13:11:53.543541+00:00,503058735,85,2026-04-06T10:00:00+00:00,185,5478992.0,hot:pn=2:ps=20
,,,BV1pM9MBtEhd,hot,hot:pn=3:ps=20,2026-04-09T13:11:53.543541+00:00,2026-04-09T13:11:53.543541+00:00,3546795426711866,21,2026-04-03T12:21:13+00:00,242,1921288.0,hot:pn=3:ps=20
,,,BV1TTDzBUECQ,hot,hot:pn=3:ps=20,2026-04-09T13:11:53.543541+00:00,2026-04-09T13:11:53.543541+00:00,430426421,228,2026-04-08T03:50:00+00:00,1200,2153536.0,hot:pn=3:ps=20
,,,BV1N1DcBuEEP,hot,hot:pn=3:ps=20,2026-04-09T13:11:53.543541+00:00,2026-04-09T13:11:53.543541+00:00,3546598585928624,21,2026-04-06T14:22:39+00:00,41,444730.0,hot:pn=3:ps=20
,,,BV1EvDaBjE4z,hot,hot:pn=3:ps=20,2026-04-09T13:11:53.543541+00:00,2026-04-09T13:11:53.543541+00:00,3546774083996368,251,2026-04-07T07:48:51+00:00,337,355110.0,hot:pn=3:ps=20
,,,BV15DDiBQEq6,hot,hot:pn=3:ps=20,2026-04-09T13:11:53.543541+00:00,2026-04-09T13:11:53.543541+00:00,17819768,182,2026-04-08T12:45:00+00:00,4716,472109.0,hot:pn=3:ps=20
,,,BV1kHDEBmEzt,hot,hot:pn=3:ps=20,2026-04-09T13:11:53.543541+00:00,2026-04-09T13:11:53.543541+00:00,11482657,182,2026-04-08T12:35:32+00:00,3070,410112.0,hot:pn=3:ps=20
,,,BV1ZYDrBBEGe,hot,hot:pn=3:ps=20,2026-04-09T13:11:53.543541+00:00,2026-04-09T13:11:53.543541+00:00,1420982,76,2026-04-08T09:00:00+00:00,198,490579.0,hot:pn=3:ps=20
,,,BV1YJD7BcE1q,hot,hot:pn=3:ps=20,2026-04-09T13:11:53.543541+00:00,2026-04-09T13:11:53.543541+00:00,17856881,138,2026-04-08T14:05:33+00:00,80,869925.0,hot:pn=3:ps=20
,,,BV1emDpBjE4o,hot,hot:pn=3:ps=20,2026-04-09T13:11:53.543541+00:00,2026-04-09T13:11:53.543541+00:00,8365699,71,2026-04-09T03:36:39+00:00,1287,254332.0,hot:pn=3:ps=20
,,,BV1uWDLBSEcH,hot,hot:pn=3:ps=20,2026-04-09T13:11:53.543541+00:00,2026-04-09T13:11:53.543541+00:00,1140672573,228,2026-04-08T14:00:00+00:00,3965,562516.0,hot:pn=3:ps=20
,,,BV1nuDgBREJE,hot,hot:pn=3:ps=20,2026-04-09T13:11:53.543541+00:00,2026-04-09T13:11:53.543541+00:00,3546795672079131,137,2026-04-04T12:52:34+00:00,113,3085750.0,hot:pn=3:ps=20
,,,BV1bZDeBuENT,hot,hot:pn=3:ps=20,2026-04-09T13:11:53.543541+00:00,2026-04-09T13:11:53.543541+00:00,6087825,212,2026-04-07T10:02:58+00:00,545,604791.0,hot:pn=3:ps=20
,,,BV1uUD8BfEfk,hot,hot:pn=3:ps=20,2026-04-09T13:11:53.543541+00:00,2026-04-09T13:11:53.543541+00:00,296465852,130,2026-04-07T00:20:00+00:00,191,895264.0,hot:pn=3:ps=20
,,,BV1eYDjBaEmg,hot,hot:pn=3:ps=20,2026-04-09T13:11:53.543541+00:00,2026-04-09T13:11:53.543541+00:00,5955918,25,2026-04-08T07:23:36+00:00,181,497717.0,hot:pn=3:ps=20
,,,BV16XSfBREV7,hot,hot:pn=3:ps=20,2026-04-09T13:11:53.543541+00:00,2026-04-09T13:11:53.543541+00:00,3632310131886580,76,2026-04-06T11:54:32+00:00,853,733814.0,hot:pn=3:ps=20
,,,BV1f8DrB6ELx,hot,hot:pn=3:ps=20,2026-04-09T13:11:53.543541+00:00,2026-04-09T13:11:53.543541+00:00,343099760,159,2026-04-08T04:14:58+00:00,20,752341.0,hot:pn=3:ps=20
,,,BV1izSZB1EV7,hot,hot:pn=3:ps=20,2026-04-09T13:11:53.543541+00:00,2026-04-09T13:11:53.543541+00:00,226173663,65,2026-04-06T06:11:18+00:00,37,661471.0,hot:pn=3:ps=20
,,,BV1KbDLBjEAN,hot,hot:pn=3:ps=20,2026-04-09T13:11:53.543541+00:00,2026-04-09T13:11:53.543541+00:00,346563107,124,2026-04-08T11:32:27+00:00,1005,1006630.0,hot:pn=3:ps=20
,,,BV123DEBsEYt,hot,hot:pn=3:ps=20,2026-04-09T13:11:53.543541+00:00,2026-04-09T13:11:53.543541+00:00,1127791040,235,2026-04-08T12:00:30+00:00,213,455303.0,hot:pn=3:ps=20
,,,BV16TDhB2Ee8,hot,hot:pn=3:ps=20,2026-04-09T13:11:53.543541+00:00,2026-04-09T13:11:53.543541+00:00,386366133,31,2026-04-07T04:01:03+00:00,185,595335.0,hot:pn=3:ps=20
,,,BV17EDvBREjk,hot,hot:pn=4:ps=20,2026-04-09T13:11:53.543541+00:00,2026-04-09T13:11:53.543541+00:00,274459325,138,2026-04-07T10:26:31+00:00,101,290674.0,hot:pn=4:ps=20
,,,BV1CvSRBDEbC,hot,hot:pn=4:ps=20,2026-04-09T13:11:53.543541+00:00,2026-04-09T13:11:53.543541+00:00,1962633,138,2026-04-06T04:28:09+00:00,599,1482172.0,hot:pn=4:ps=20
,,,BV1y7DEBnEcj,hot,hot:pn=4:ps=20,2026-04-09T13:11:53.543541+00:00,2026-04-09T13:11:53.543541+00:00,633789333,158,2026-04-08T12:49:11+00:00,24,161635.0,hot:pn=4:ps=20
,,,BV17QD6BqEUa,hot,hot:pn=4:ps=20,2026-04-09T13:11:53.543541+00:00,2026-04-09T13:11:53.543541+00:00,5028996,200,2026-04-08T09:55:00+00:00,106,147248.0,hot:pn=4:ps=20
,,,BV12RDTBxEs8,hot,hot:pn=4:ps=20,2026-04-09T13:11:53.543541+00:00,2026-04-09T13:11:53.543541+00:00,3546823285278794,85,2026-04-04T09:00:01+00:00,387,6308467.0,hot:pn=4:ps=20
,,,BV19XDLBfE4T,hot,hot:pn=4:ps=20,2026-04-09T13:11:53.543541+00:00,2026-04-09T13:11:53.543541+00:00,482764121,85,2026-04-08T10:06:55+00:00,260,259775.0,hot:pn=4:ps=20
,,,BV1tZDpBzExB,hot,hot:pn=4:ps=20,2026-04-09T13:11:53.543541+00:00,2026-04-09T13:11:53.543541+00:00,524993139,21,2026-04-09T01:57:07+00:00,34,250356.0,hot:pn=4:ps=20
,,,BV1iuDLBFEFA,hot,hot:pn=4:ps=20,2026-04-09T13:11:53.543541+00:00,2026-04-09T13:11:53.543541+00:00,383128707,257,2026-04-08T11:01:01+00:00,23,363420.0,hot:pn=4:ps=20
,,,BV15ZD7BNEB2,hot,hot:pn=4:ps=20,2026-04-09T13:11:53.543541+00:00,2026-04-09T13:11:53.543541+00:00,352097878,21,2026-04-08T13:45:44+00:00,63,108348.0,hot:pn=4:ps=20
,,,BV1o29wBTESE,hot,hot:pn=4:ps=20,2026-04-09T13:11:53.543541+00:00,2026-04-09T13:11:53.543541+00:00,484336702,17,2026-04-03T12:00:00+00:00,181,801352.0,hot:pn=4:ps=20
,,,BV1zjDGBoEgZ,hot,hot:pn=4:ps=20,2026-04-09T13:11:53.543541+00:00,2026-04-09T13:11:53.543541+00:00,640222864,17,2026-04-04T23:57:51+00:00,105,516174.0,hot:pn=4:ps=20
,,,BV1KcDYBbEq7,hot,hot:pn=4:ps=20,2026-04-09T13:11:53.543541+00:00,2026-04-09T13:11:53.543541+00:00,1563385862,212,2026-04-07T09:00:00+00:00,166,451316.0,hot:pn=4:ps=20
,,,BV184DMBeEbi,hot,hot:pn=4:ps=20,2026-04-09T13:11:53.543541+00:00,2026-04-09T13:11:53.543541+00:00,38709105,243,2026-04-04T11:00:00+00:00,1012,749496.0,hot:pn=4:ps=20
,,,BV1orDVBbEHh,hot,hot:pn=4:ps=20,2026-04-09T13:11:53.543541+00:00,2026-04-09T13:11:53.543541+00:00,3494360247175408,215,2026-04-05T11:30:00+00:00,834,771973.0,hot:pn=4:ps=20
,,,BV173DkBCEej,hot,hot:pn=4:ps=20,2026-04-09T13:11:53.543541+00:00,2026-04-09T13:11:53.543541+00:00,270105105,76,2026-04-08T09:30:00+00:00,701,146118.0,hot:pn=4:ps=20
,,,BV1iwDeB2EVX,hot,hot:pn=4:ps=20,2026-04-09T13:11:53.543541+00:00,2026-04-09T13:11:53.543541+00:00,300486,252,2026-04-07T10:00:00+00:00,441,713851.0,hot:pn=4:ps=20
,,,BV1DP9NBYEuB,hot,hot:pn=4:ps=20,2026-04-09T13:11:53.543541+00:00,2026-04-09T13:11:53.543541+00:00,1201986019,215,2026-04-03T09:58:00+00:00,145,3095590.0,hot:pn=4:ps=20
,,,BV1e4DWBSENx,hot,hot:pn=4:ps=20,2026-04-09T13:11:53.543541+00:00,2026-04-09T13:11:53.543541+00:00,450882837,65,2026-04-09T09:29:06+00:00,418,62496.0,hot:pn=4:ps=20
,,,BV1ATDcBNEzL,hot,hot:pn=4:ps=20,2026-04-09T13:11:53.543541+00:00,2026-04-09T13:11:53.543541+00:00,25150941,176,2026-04-07T03:00:00+00:00,909,963061.0,hot:pn=4:ps=20
,,,BV1xLDEBXEAr,hot,hot:pn=4:ps=20,2026-04-09T13:11:53.543541+00:00,2026-04-09T13:11:53.543541+00:00,23791195,201,2026-04-08T12:55:45+00:00,439,243351.0,hot:pn=4:ps=20
,,,BV1BiSUBdEkV,hot,hot:pn=5:ps=20,2026-04-09T13:11:53.543541+00:00,2026-04-09T13:11:53.543541+00:00,1585682578,21,2026-04-05T10:00:00+00:00,98,687127.0,hot:pn=5:ps=20
,,,BV194DvBEEZo,hot,hot:pn=5:ps=20,2026-04-09T13:11:53.543541+00:00,2026-04-09T13:11:53.543541+00:00,94510621,138,2026-04-07T08:56:26+00:00,187,1196264.0,hot:pn=5:ps=20
,,,BV1N5DrBQErW,hot,hot:pn=5:ps=20,2026-04-09T13:11:53.543541+00:00,2026-04-09T13:11:53.543541+00:00,3546886380194531,21,2026-04-08T11:13:01+00:00,291,368636.0,hot:pn=5:ps=20
,,,BV1WEDzB3Ewd,hot,hot:pn=5:ps=20,2026-04-09T13:11:53.543541+00:00,2026-04-09T13:11:53.543541+00:00,21837784,182,2026-04-08T04:00:00+00:00,822,532130.0,hot:pn=5:ps=20
,,,BV1aMDeBkEqF,hot,hot:pn=5:ps=20,2026-04-09T13:11:53.543541+00:00,2026-04-09T13:11:53.543541+00:00,1146388214,138,2026-04-07T12:14:45+00:00,49,1823582.0,hot:pn=5:ps=20
,,,BV1AYDLBCEXN,hot,hot:pn=5:ps=20,2026-04-09T13:11:53.543541+00:00,2026-04-09T13:11:53.543541+00:00,10119428,182,2026-04-08T09:54:03+00:00,1698,597281.0,hot:pn=5:ps=20
,,,BV1KW9FBLEaD,hot,hot:pn=5:ps=20,2026-04-09T13:11:53.543541+00:00,2026-04-09T13:11:53.543541+00:00,346749212,183,2026-04-02T12:40:55+00:00,277,3272862.0,hot:pn=5:ps=20
,,,BV1g8DJBwEMj,hot,hot:pn=5:ps=20,2026-04-09T13:11:53.543541+00:00,2026-04-09T13:11:53.543541+00:00,268941858,172,2026-04-09T01:00:00+00:00,154,785476.0,hot:pn=5:ps=20
,,,BV1SPDjBHEUs,hot,hot:pn=5:ps=20,2026-04-09T13:11:53.543541+00:00,2026-04-09T13:11:53.543541+00:00,289371088,17,2026-04-08T08:30:08+00:00,243,289819.0,hot:pn=5:ps=20
,,,BV1n1D6BrEyY,hot,hot:pn=5:ps=20,2026-04-09T13:11:53.543541+00:00,2026-04-09T13:11:53.543541+00:00,11429061,76,2026-04-08T06:31:14+00:00,70,838035.0,hot:pn=5:ps=20
,,,BV1LuDLBFEHc,hot,hot:pn=5:ps=20,2026-04-09T13:11:53.543541+00:00,2026-04-09T13:11:53.543541+00:00,3546918179310343,47,2026-04-08T11:01:55+00:00,73,425338.0,hot:pn=5:ps=20
,,,BV1YtDvBUEZD,hot,hot:pn=5:ps=20,2026-04-09T13:11:53.543541+00:00,2026-04-09T13:11:53.543541+00:00,30502823,24,2026-04-08T03:30:00+00:00,110,901598.0,hot:pn=5:ps=20
,,,BV1aEDKBwEWK,hot,hot:pn=5:ps=20,2026-04-09T13:11:53.543541+00:00,2026-04-09T13:11:53.543541+00:00,124735327,47,2026-04-04T04:29:16+00:00,357,660865.0,hot:pn=5:ps=20
,,,BV1GcDrBhEjK,hot,hot:pn=5:ps=20,2026-04-09T13:11:53.543541+00:00,2026-04-09T13:11:53.543541+00:00,327403407,65,2026-04-08T06:44:41+00:00,1144,1234789.0,hot:pn=5:ps=20
,,,BV1ikDFBHEaE,hot,hot:pn=5:ps=20,2026-04-09T13:11:53.543541+00:00,2026-04-09T13:11:53.543541+00:00,26240675,17,2026-04-09T03:00:00+00:00,5738,271149.0,hot:pn=5:ps=20
,,,BV1bDDEBZEp8,hot,hot:pn=5:ps=20,2026-04-09T13:11:53.543541+00:00,2026-04-09T13:11:53.543541+00:00,39180492,231,2026-04-09T04:00:00+00:00,127,196212.0,hot:pn=5:ps=20
,,,BV19wDnBuEPe,hot,hot:pn=5:ps=20,2026-04-09T13:11:53.543541+00:00,2026-04-09T13:11:53.543541+00:00,3530725,247,2026-04-09T02:00:00+00:00,1163,140215.0,hot:pn=5:ps=20
,,,BV16vDsBAEsb,hot,hot:pn=5:ps=20,2026-04-09T13:11:53.543541+00:00,2026-04-09T13:11:53.543541+00:00,14781644,207,2026-04-09T08:00:00+00:00,568,46507.0,hot:pn=5:ps=20
,,,BV1ijDkBuEkP,hot,hot:pn=5:ps=20,2026-04-09T13:11:53.543541+00:00,2026-04-09T13:11:53.543541+00:00,273710185,245,2026-04-08T03:31:15+00:00,457,441596.0,hot:pn=5:ps=20
,,,BV1QfDLBREo2,hot,hot:pn=5:ps=20,2026-04-09T13:11:53.543541+00:00,2026-04-09T13:11:53.543541+00:00,19319172,201,2026-04-08T09:30:00+00:00,480,512575.0,hot:pn=5:ps=20
,,,BV1t19WBEEbp,hot,hot:pn=6:ps=20,2026-04-09T13:11:53.543541+00:00,2026-04-09T13:11:53.543541+00:00,452309333,182,2026-04-04T09:20:00+00:00,730,2414010.0,hot:pn=6:ps=20
,,,BV11PSSBqEKd,hot,hot:pn=6:ps=20,2026-04-09T13:11:53.543541+00:00,2026-04-09T13:11:53.543541+00:00,13354765,17,2026-04-05T09:00:00+00:00,1714,2841614.0,hot:pn=6:ps=20
,,,BV1XMDFByEyP,hot,hot:pn=6:ps=20,2026-04-09T13:11:53.543541+00:00,2026-04-09T13:11:53.543541+00:00,35814994,21,2026-04-06T09:45:11+00:00,244,414651.0,hot:pn=6:ps=20
,,,BV1uPDTBhEHX,hot,hot:pn=6:ps=20,2026-04-09T13:11:53.543541+00:00,2026-04-09T13:11:53.543541+00:00,39627524,21,2026-04-04T12:29:03+00:00,4870,3065752.0,hot:pn=6:ps=20
,,,BV1mVSUBrEz5,hot,hot:pn=6:ps=20,2026-04-09T13:11:53.543541+00:00,2026-04-09T13:11:53.543541+00:00,23250412,138,2026-04-05T10:56:33+00:00,534,1756445.0,hot:pn=6:ps=20
,,,BV14YD7BHEGN,hot,hot:pn=6:ps=20,2026-04-09T13:11:53.543541+00:00,2026-04-09T13:11:53.543541+00:00,438173577,228,2026-04-08T15:03:18+00:00,907,528841.0,hot:pn=6:ps=20
,,,BV1daDTB3EoT,hot,hot:pn=6:ps=20,2026-04-09T13:11:53.543541+00:00,2026-04-09T13:11:53.543541+00:00,87670515,182,2026-04-04T10:09:39+00:00,925,2829764.0,hot:pn=6:ps=20
,,,BV1HsSdB7ENj,hot,hot:pn=6:ps=20,2026-04-09T13:11:53.543541+00:00,2026-04-09T13:11:53.543541+00:00,515155585,254,2026-04-06T02:12:16+00:00,19,2781305.0,hot:pn=6:ps=20
,,,BV1c9DWBwEeA,hot,hot:pn=6:ps=20,2026-04-09T13:11:53.543541+00:00,2026-04-09T13:11:53.543541+00:00,413980907,27,2026-04-09T08:38:35+00:00,12,97251.0,hot:pn=6:ps=20
,,,BV155D7BeE7y,hot,hot:pn=6:ps=20,2026-04-09T13:11:53.543541+00:00,2026-04-09T13:11:53.543541+00:00,3546790896863932,183,2026-04-08T14:37:37+00:00,2628,340563.0,hot:pn=6:ps=20
,,,BV1PjDzBkE7M,hot,hot:pn=6:ps=20,2026-04-09T13:11:53.543541+00:00,2026-04-09T13:11:53.543541+00:00,11582387,172,2026-04-08T02:25:20+00:00,217,697880.0,hot:pn=6:ps=20
,,,BV1MFSSB3EMm,hot,hot:pn=6:ps=20,2026-04-09T13:11:53.543541+00:00,2026-04-09T13:11:53.543541+00:00,19286458,85,2026-04-05T10:35:00+00:00,445,4894272.0,hot:pn=6:ps=20
,,,BV1UMDrBdEeN,hot,hot:pn=6:ps=20,2026-04-09T13:11:53.543541+00:00,2026-04-09T13:11:53.543541+00:00,8894411,212,2026-04-08T09:00:00+00:00,595,289389.0,hot:pn=6:ps=20
,,,BV17zDeBHENi,hot,hot:pn=6:ps=20,2026-04-09T13:11:53.543541+00:00,2026-04-09T13:11:53.543541+00:00,443251522,193,2026-04-09T02:00:00+00:00,218,2018340.0,hot:pn=6:ps=20
,,,BV1uKDEBfE4e,hot,hot:pn=6:ps=20,2026-04-09T13:11:53.543541+00:00,2026-04-09T13:11:53.543541+00:00,357261525,253,2026-04-08T11:58:40+00:00,621,262238.0,hot:pn=6:ps=20
,,,BV1VrSZB5EpA,hot,hot:pn=6:ps=20,2026-04-09T13:11:53.543541+00:00,2026-04-09T13:11:53.543541+00:00,200030523,47,2026-04-07T03:00:00+00:00,31,2008470.0,hot:pn=6:ps=20
,,,BV1nxSZBsEMp,hot,hot:pn=6:ps=20,2026-04-09T13:11:53.543541+00:00,2026-04-09T13:11:53.543541+00:00,125526,231,2026-04-07T04:00:00+00:00,508,1534560.0,hot:pn=6:ps=20
,,,BV1utDJBYENm,hot,hot:pn=6:ps=20,2026-04-09T13:11:53.543541+00:00,2026-04-09T13:11:53.543541+00:00,45107914,17,2026-04-08T19:29:17+00:00,15147,216457.0,hot:pn=6:ps=20
,,,BV17EDvBREkd,hot,hot:pn=6:ps=20,2026-04-09T13:11:53.543541+00:00,2026-04-09T13:11:53.543541+00:00,33976116,218,2026-04-07T10:25:45+00:00,254,508115.0,hot:pn=6:ps=20
,,,BV1KrDYBwEAo,hot,hot:pn=6:ps=20,2026-04-09T13:11:53.543541+00:00,2026-04-09T13:11:53.543541+00:00,436368347,86,2026-04-07T05:54:03+00:00,241,1368475.0,hot:pn=6:ps=20
,,,BV1aPDaBqEos,hot,hot:pn=7:ps=20,2026-04-09T13:11:53.543541+00:00,2026-04-09T13:11:53.543541+00:00,3546863961639203,182,2026-04-07T03:30:00+00:00,612,735980.0,hot:pn=7:ps=20
,,,BV1dRD7BKEH6,hot,hot:pn=7:ps=20,2026-04-09T13:11:53.543541+00:00,2026-04-09T13:11:53.543541+00:00,456664753,21,2026-04-08T13:37:33+00:00,852,1333236.0,hot:pn=7:ps=20
,,,BV1bCDjBREm8,hot,hot:pn=7:ps=20,2026-04-09T13:11:53.543541+00:00,2026-04-09T13:11:53.543541+00:00,3493124999482225,21,2026-04-08T08:05:07+00:00,104,470620.0,hot:pn=7:ps=20
,,,BV1RtDvBmE6N,hot,hot:pn=7:ps=20,2026-04-09T13:11:53.543541+00:00,2026-04-09T13:11:53.543541+00:00,1343321779,251,2026-04-07T10:00:00+00:00,272,1263873.0,hot:pn=7:ps=20
,,,BV1nZD5BqEcJ,hot,hot:pn=7:ps=20,2026-04-09T13:11:53.543541+00:00,2026-04-09T13:11:53.543541+00:00,95730227,182,2026-04-05T03:11:41+00:00,889,5442400.0,hot:pn=7:ps=20
,,,BV1RvDjBcEX6,hot,hot:pn=7:ps=20,2026-04-09T13:11:53.543541+00:00,2026-04-09T13:11:53.543541+00:00,1921341872,250,2026-04-08T08:15:42+00:00,1450,151737.0,hot:pn=7:ps=20
,,,BV1NYD7BHEHE,hot,hot:pn=7:ps=20,2026-04-09T13:11:53.543541+00:00,2026-04-09T13:11:53.543541+00:00,49518613,172,2026-04-08T14:53:45+00:00,129,281493.0,hot:pn=7:ps=20
,,,BV1zQDhB1EcP,hot,hot:pn=7:ps=20,2026-04-09T13:11:53.543541+00:00,2026-04-09T13:11:53.543541+00:00,396487859,65,2026-04-07T00:42:13+00:00,93,1499363.0,hot:pn=7:ps=20
,,,BV1RHDcBREfz,hot,hot:pn=7:ps=20,2026-04-09T13:11:53.543541+00:00,2026-04-09T13:11:53.543541+00:00,263028401,124,2026-04-06T15:27:11+00:00,178,1147124.0,hot:pn=7:ps=20
,,,BV1G7D7BaENZ,hot,hot:pn=7:ps=20,2026-04-09T13:11:53.543541+00:00,2026-04-09T13:11:53.543541+00:00,1343324216,207,2026-04-08T14:12:44+00:00,647,266013.0,hot:pn=7:ps=20
,,,BV1u9DaBPEk7,hot,hot:pn=7:ps=20,2026-04-09T13:11:53.543541+00:00,2026-04-09T13:11:53.543541+00:00,703083989,238,2026-04-08T00:00:00+00:00,251,534289.0,hot:pn=7:ps=20
,,,BV1fyDLBNEr2,hot,hot:pn=7:ps=20,2026-04-09T13:11:53.543541+00:00,2026-04-09T13:11:53.543541+00:00,316674559,17,2026-04-08T13:00:00+00:00,524,318056.0,hot:pn=7:ps=20
,,,BV1bEDiBCEYC,hot,hot:pn=7:ps=20,2026-04-09T13:11:53.543541+00:00,2026-04-09T13:11:53.543541+00:00,3546977591626205,65,2026-04-07T15:19:27+00:00,105,1074582.0,hot:pn=7:ps=20
,,,BV1hdSDBDEJV,hot,hot:pn=7:ps=20,2026-04-09T13:11:53.543541+00:00,2026-04-09T13:11:53.543541+00:00,3546901295139350,59,2026-04-05T11:03:05+00:00,159,188211.0,hot:pn=7:ps=20
,,,BV1uu9NBcEAK,hot,hot:pn=7:ps=20,2026-04-09T13:11:53.543541+00:00,2026-04-09T13:11:53.543541+00:00,326427334,201,2026-04-03T02:33:52+00:00,422,1686114.0,hot:pn=7:ps=20
,,,BV1PgDvBcEgw,hot,hot:pn=7:ps=20,2026-04-09T13:11:53.543541+00:00,2026-04-09T13:11:53.543541+00:00,439478093,201,2026-04-07T10:34:36+00:00,424,949135.0,hot:pn=7:ps=20
,,,BV113DjB2Eak,hot,hot:pn=7:ps=20,2026-04-09T13:11:53.543541+00:00,2026-04-09T13:11:53.543541+00:00,8299159,130,2026-04-08T09:14:37+00:00,455,544051.0,hot:pn=7:ps=20
,,,BV1xC9MBeEnG,hot,hot:pn=7:ps=20,2026-04-09T13:11:53.543541+00:00,2026-04-09T13:11:53.543541+00:00,1355498672,59,2026-04-03T11:51:32+00:00,35,130379.0,hot:pn=7:ps=20
,,,BV1aMDeBkE7k,hot,hot:pn=7:ps=20,2026-04-09T13:11:53.543541+00:00,2026-04-09T13:11:53.543541+00:00,524249005,230,2026-04-07T12:17:50+00:00,243,678816.0,hot:pn=7:ps=20
,,,BV1x7DaBZEWE,hot,hot:pn=7:ps=20,2026-04-09T13:11:53.543541+00:00,2026-04-09T13:11:53.543541+00:00,415897343,252,2026-04-08T09:00:00+00:00,125,761707.0,hot:pn=7:ps=20
,,,BV1Y8DWBmEmZ,hot,hot:pn=8:ps=20,2026-04-09T13:11:53.543541+00:00,2026-04-09T13:11:53.543541+00:00,8237763,243,2026-04-09T09:37:13+00:00,497,72768.0,hot:pn=8:ps=20
,,,BV1dQDLB8Est,hot,hot:pn=8:ps=20,2026-04-09T13:11:53.543541+00:00,2026-04-09T13:11:53.543541+00:00,393709394,138,2026-04-08T10:09:28+00:00,135,354343.0,hot:pn=8:ps=20
,,,BV1ajDLBsETv,hot,hot:pn=8:ps=20,2026-04-09T13:11:53.543541+00:00,2026-04-09T13:11:53.543541+00:00,441872026,21,2026-04-08T10:48:06+00:00,361,692297.0,hot:pn=8:ps=20
,,,BV1ZnDvBpEHj,hot,hot:pn=8:ps=20,2026-04-09T13:11:53.543541+00:00,2026-04-09T13:11:53.543541+00:00,3706960404810288,21,2026-04-07T11:00:56+00:00,15,586457.0,hot:pn=8:ps=20
,,,BV16PD7B3Em6,hot,hot:pn=8:ps=20,2026-04-09T13:11:53.543541+00:00,2026-04-09T13:11:53.543541+00:00,49960899,182,2026-04-08T16:21:06+00:00,1361,603227.0,hot:pn=8:ps=20
,,,BV1UKDEBZEQp,hot,hot:pn=8:ps=20,2026-04-09T13:11:53.543541+00:00,2026-04-09T13:11:53.543541+00:00,1244227141,138,2026-04-08T11:56:48+00:00,35,2002935.0,hot:pn=8:ps=20
,,,BV1APSfBbEcA,hot,hot:pn=8:ps=20,2026-04-09T13:11:53.543541+00:00,2026-04-09T13:11:53.543541+00:00,3546378898770447,182,2026-04-07T09:00:00+00:00,2221,548684.0,hot:pn=8:ps=20
,,,BV1LxDWBnELT,hot,hot:pn=8:ps=20,2026-04-09T13:11:53.543541+00:00,2026-04-09T13:11:53.543541+00:00,3546661873780882,172,2026-04-09T09:45:33+00:00,299,132314.0,hot:pn=8:ps=20
,,,BV1w6D7B2Ep4,hot,hot:pn=8:ps=20,2026-04-09T13:11:53.543541+00:00,2026-04-09T13:11:53.543541+00:00,358607628,65,2026-04-08T13:28:00+00:00,495,432121.0,hot:pn=8:ps=20
,,,BV1y8DsBiEPh,hot,hot:pn=8:ps=20,2026-04-09T13:11:53.543541+00:00,2026-04-09T13:11:53.543541+00:00,601599567,124,2026-04-09T07:59:56+00:00,886,158132.0,hot:pn=8:ps=20
,,,BV15HDhBTESy,hot,hot:pn=8:ps=20,2026-04-09T13:11:53.543541+00:00,2026-04-09T13:11:53.543541+00:00,649019192,212,2026-04-07T09:00:00+00:00,7162,666293.0,hot:pn=8:ps=20
,,,BV1mkDvBMErs,hot,hot:pn=8:ps=20,2026-04-09T13:11:53.543541+00:00,2026-04-09T13:11:53.543541+00:00,1722730761,237,2026-04-08T03:00:00+00:00,433,329283.0,hot:pn=8:ps=20
,,,BV1HkD6BCEdd,hot,hot:pn=8:ps=20,2026-04-09T13:11:53.543541+00:00,2026-04-09T13:11:53.543541+00:00,532741557,228,2026-04-09T04:00:00+00:00,968,213288.0,hot:pn=8:ps=20
,,,BV1dLSoBVEGv,hot,hot:pn=8:ps=20,2026-04-09T13:11:53.543541+00:00,2026-04-09T13:11:53.543541+00:00,2198423,17,2026-04-06T08:47:29+00:00,365,1440325.0,hot:pn=8:ps=20
,,,BV1c19PB2Eun,hot,hot:pn=8:ps=20,2026-04-09T13:11:53.543541+00:00,2026-04-09T13:11:53.543541+00:00,1368498772,31,2026-04-03T10:25:00+00:00,281,3719503.0,hot:pn=8:ps=20
,,,BV1ECDsBZE7P,hot,hot:pn=8:ps=20,2026-04-09T13:11:53.543541+00:00,2026-04-09T13:11:53.543541+00:00,307353874,172,2026-04-09T06:53:54+00:00,3325,193399.0,hot:pn=8:ps=20
,,,BV1NiD7BJEY7,hot,hot:pn=8:ps=20,2026-04-09T13:11:53.543541+00:00,2026-04-09T13:11:53.543541+00:00,1465539980,137,2026-04-08T13:18:58+00:00,21,623014.0,hot:pn=8:ps=20
,,,BV175DYBSEXm,hot,hot:pn=8:ps=20,2026-04-09T13:11:53.543541+00:00,2026-04-09T13:11:53.543541+00:00,1254294604,259,2026-04-07T06:48:45+00:00,173,3000519.0,hot:pn=8:ps=20
,,,BV1eKDiBQEhG,hot,hot:pn=8:ps=20,2026-04-09T13:11:53.543541+00:00,2026-04-09T13:11:53.543541+00:00,544261015,232,2026-04-08T04:00:00+00:00,1432,397715.0,hot:pn=8:ps=20
,,,BV1BFDiBdEX9,hot,hot:pn=8:ps=20,2026-04-09T13:11:53.543541+00:00,2026-04-09T13:11:53.543541+00:00,453972,95,2026-04-08T10:05:00+00:00,872,883264.0,hot:pn=8:ps=20
,,,BV1DiDWBCE1g,hot,hot:pn=9:ps=20,2026-04-09T13:11:53.543541+00:00,2026-04-09T13:11:53.543541+00:00,3461576323500263,27,2026-04-09T10:23:44+00:00,109,122350.0,hot:pn=9:ps=20
,,,BV1rFDKB5ENM,hot,hot:pn=9:ps=20,2026-04-09T13:11:53.543541+00:00,2026-04-09T13:11:53.543541+00:00,3706962661345847,21,2026-04-04T06:30:23+00:00,225,766758.0,hot:pn=9:ps=20
,,,BV1cY9uBcEYg,hot,hot:pn=9:ps=20,2026-04-09T13:11:53.543541+00:00,2026-04-09T13:11:53.543541+00:00,1699496602,138,2026-04-04T09:30:00+00:00,109,4078181.0,hot:pn=9:ps=20
,,,BV1GQDeBVEx6,hot,hot:pn=9:ps=20,2026-04-09T13:11:53.543541+00:00,2026-04-09T13:11:53.543541+00:00,1929980192,21,2026-04-07T11:26:58+00:00,177,319529.0,hot:pn=9:ps=20
,,,BV1RbDqBREUX,hot,hot:pn=9:ps=20,2026-04-09T13:11:53.543541+00:00,2026-04-09T13:11:53.543541+00:00,548416416,161,2026-04-08T04:00:00+00:00,85,590753.0,hot:pn=9:ps=20
,,,BV1QgDpBrEkz,hot,hot:pn=9:ps=20,2026-04-09T13:11:53.543541+00:00,2026-04-09T13:11:53.543541+00:00,70942172,182,2026-04-09T10:00:00+00:00,1189,63708.0,hot:pn=9:ps=20
,,,BV16VDWBbE4A,hot,hot:pn=9:ps=20,2026-04-09T13:11:53.543541+00:00,2026-04-09T13:11:53.543541+00:00,94281836,182,2026-04-09T02:13:05+00:00,916,187709.0,hot:pn=9:ps=20
,,,BV1F5DvBtEDB,hot,hot:pn=9:ps=20,2026-04-09T13:11:53.543541+00:00,2026-04-09T13:11:53.543541+00:00,2106346733,172,2026-04-07T10:39:09+00:00,215,1031740.0,hot:pn=9:ps=20
,,,BV1rYDsBeE9a,hot,hot:pn=9:ps=20,2026-04-09T13:11:53.543541+00:00,2026-04-09T13:11:53.543541+00:00,211005705,172,2026-04-09T06:30:00+00:00,620,487501.0,hot:pn=9:ps=20
,,,BV1C1DYBtEPT,hot,hot:pn=9:ps=20,2026-04-09T13:11:53.543541+00:00,2026-04-09T13:11:53.543541+00:00,3493108603947907,65,2026-04-07T04:14:50+00:00,121,762101.0,hot:pn=9:ps=20
,,,BV1i2SDBoEPX,hot,hot:pn=9:ps=20,2026-04-09T13:11:53.543541+00:00,2026-04-09T13:11:53.543541+00:00,3706948107111154,253,2026-04-05T12:57:55+00:00,3313,293382.0,hot:pn=9:ps=20
,,,BV1b1DjBWEjh,hot,hot:pn=9:ps=20,2026-04-09T13:11:53.543541+00:00,2026-04-09T13:11:53.543541+00:00,2403047,17,2026-04-08T09:00:00+00:00,663,594160.0,hot:pn=9:ps=20
,,,BV1HrD6B5E27,hot,hot:pn=9:ps=20,2026-04-09T13:11:53.543541+00:00,2026-04-09T13:11:53.543541+00:00,477743841,208,2026-04-08T06:30:01+00:00,120,582847.0,hot:pn=9:ps=20
,,,BV18RDpBrE1h,hot,hot:pn=9:ps=20,2026-04-09T13:11:53.543541+00:00,2026-04-09T13:11:53.543541+00:00,49576477,176,2026-04-09T03:50:00+00:00,878,146669.0,hot:pn=9:ps=20
,,,BV1udDeB6EEf,hot,hot:pn=9:ps=20,2026-04-09T13:11:53.543541+00:00,2026-04-09T13:11:53.543541+00:00,266744829,208,2026-04-07T11:30:23+00:00,57,1289251.0,hot:pn=9:ps=20
,,,BV11vSoBbEpP,hot,hot:pn=9:ps=20,2026-04-09T13:11:53.543541+00:00,2026-04-09T13:11:53.543541+00:00,2017283230,218,2026-04-06T07:44:41+00:00,254,650607.0,hot:pn=9:ps=20
,,,BV1sNDvBeE8q,hot,hot:pn=9:ps=20,2026-04-09T13:11:53.543541+00:00,2026-04-09T13:11:53.543541+00:00,703186600,124,2026-04-07T09:39:25+00:00,1046,1802013.0,hot:pn=9:ps=20
,,,BV1vMDiBnEe3,hot,hot:pn=9:ps=20,2026-04-09T13:11:53.543541+00:00,2026-04-09T13:11:53.543541+00:00,20546476,76,2026-04-08T09:00:00+00:00,446,212925.0,hot:pn=9:ps=20
,,,BV1JsDzBTEXb,hot,hot:pn=9:ps=20,2026-04-09T13:11:53.543541+00:00,2026-04-09T13:11:53.543541+00:00,405279279,212,2026-04-08T03:30:00+00:00,694,333794.0,hot:pn=9:ps=20
,,,BV1GTDpByE6K,hot,hot:pn=9:ps=20,2026-04-09T13:11:53.543541+00:00,2026-04-09T13:11:53.543541+00:00,25109224,201,2026-04-09T04:05:11+00:00,86,235021.0,hot:pn=9:ps=20
,,,BV1UPDjBHE68,hot,hot:pn=10:ps=20,2026-04-09T13:11:53.543541+00:00,2026-04-09T13:11:53.543541+00:00,667710632,138,2026-04-08T08:29:27+00:00,205,547470.0,hot:pn=10:ps=20
,,,BV1adDLBZE6Y,hot,hot:pn=10:ps=20,2026-04-09T13:11:53.543541+00:00,2026-04-09T13:11:53.543541+00:00,397489609,85,2026-04-08T10:13:42+00:00,188,544349.0,hot:pn=10:ps=20
,,,BV1YRXzBYEPg,hot,hot:pn=10:ps=20,2026-04-09T13:11:53.543541+00:00,2026-04-09T13:11:53.543541+00:00,3546944530025226,21,2026-04-09T09:00:00+00:00,2601,245612.0,hot:pn=10:ps=20
,,,BV1bKDEBfEog,hot,hot:pn=10:ps=20,2026-04-09T13:11:53.543541+00:00,2026-04-09T13:11:53.543541+00:00,108331200,21,2026-04-08T11:53:53+00:00,272,420782.0,hot:pn=10:ps=20
,,,BV15tSQBfENa,hot,hot:pn=10:ps=20,2026-04-09T13:11:53.543541+00:00,2026-04-09T13:11:53.543541+00:00,302338318,138,2026-04-06T03:30:00+00:00,241,2019007.0,hot:pn=10:ps=20
,,,BV1PfDrBQECL,hot,hot:pn=10:ps=20,2026-04-09T13:11:53.543541+00:00,2026-04-09T13:11:53.543541+00:00,39392104,182,2026-04-08T10:00:00+00:00,3327,377034.0,hot:pn=10:ps=20
,,,BV19qDjBfEJ2,hot,hot:pn=10:ps=20,2026-04-09T13:11:53.543541+00:00,2026-04-09T13:11:53.543541+00:00,77660396,182,2026-04-08T13:00:00+00:00,1121,209636.0,hot:pn=10:ps=20
,,,BV1muDEBdEuF,hot,hot:pn=10:ps=20,2026-04-09T13:11:53.543541+00:00,2026-04-09T13:11:53.543541+00:00,268999208,171,2026-04-08T12:01:41+00:00,594,374222.0,hot:pn=10:ps=20
,,,BV1KbDLBjEdL,hot,hot:pn=10:ps=20,2026-04-09T13:11:53.543541+00:00,2026-04-09T13:11:53.543541+00:00,8076065,17,2026-04-08T11:14:44+00:00,629,231339.0,hot:pn=10:ps=20
,,,BV1e1DaBzEFB,hot,hot:pn=10:ps=20,2026-04-09T13:11:53.543541+00:00,2026-04-09T13:11:53.543541+00:00,21384754,168,2026-04-07T08:25:42+00:00,518,1150599.0,hot:pn=10:ps=20
,,,BV1JTD7BuEAV,hot,hot:pn=10:ps=20,2026-04-09T13:11:53.543541+00:00,2026-04-09T13:11:53.543541+00:00,10720074,172,2026-04-08T15:47:45+00:00,671,230819.0,hot:pn=10:ps=20
,,,BV1YiDjB8EK9,hot,hot:pn=10:ps=20,2026-04-09T13:11:53.543541+00:00,2026-04-09T13:11:53.543541+00:00,431073645,172,2026-04-08T08:11:36+00:00,13327,1910046.0,hot:pn=10:ps=20
,,,BV1oi9NBrEM3,hot,hot:pn=10:ps=20,2026-04-09T13:11:53.543541+00:00,2026-04-09T13:11:53.543541+00:00,5024187,27,2026-04-03T03:30:00+00:00,1357,1592205.0,hot:pn=10:ps=20
,,,BV1UzDvBgEcV,hot,hot:pn=10:ps=20,2026-04-09T13:11:53.543541+00:00,2026-04-09T13:11:53.543541+00:00,298753342,207,2026-04-07T09:29:31+00:00,684,630028.0,hot:pn=10:ps=20
,,,BV1BKD6BMEZW,hot,hot:pn=10:ps=20,2026-04-09T13:11:53.543541+00:00,2026-04-09T13:11:53.543541+00:00,423855718,30,2026-04-09T03:00:00+00:00,141,78083.0,hot:pn=10:ps=20
,,,BV19MDeBkEna,hot,hot:pn=10:ps=20,2026-04-09T13:11:53.543541+00:00,2026-04-09T13:11:53.543541+00:00,1062138057,212,2026-04-07T12:20:06+00:00,351,268083.0,hot:pn=10:ps=20
,,,BV11VDjBLEGi,hot,hot:pn=10:ps=20,2026-04-09T13:11:53.543541+00:00,2026-04-09T13:11:53.543541+00:00,2026173074,201,2026-04-08T09:29:29+00:00,1607,199211.0,hot:pn=10:ps=20
,,,BV17CDiBtEpM,hot,hot:pn=10:ps=20,2026-04-09T13:11:53.543541+00:00,2026-04-09T13:11:53.543541+00:00,22649032,176,2026-04-08T09:00:00+00:00,1002,170655.0,hot:pn=10:ps=20
,,,BV1mvDhB4Eau,hot,hot:pn=10:ps=20,2026-04-09T13:11:53.543541+00:00,2026-04-09T13:11:53.543541+00:00,391291299,247,2026-04-08T02:00:00+00:00,2093,349905.0,hot:pn=10:ps=20
,,,BV1L1XZBpExb,hot,hot:pn=10:ps=20,2026-04-09T13:11:53.543541+00:00,2026-04-09T13:11:53.543541+00:00,31880257,95,2026-04-09T03:00:00+00:00,278,56855.0,hot:pn=10:ps=20
,,,BV1tVSZBYEuD,hot,hot:pn=11:ps=20,2026-04-09T13:11:53.543541+00:00,2026-04-09T13:11:53.543541+00:00,1817380580,138,2026-04-06T07:24:18+00:00,288,1848891.0,hot:pn=11:ps=20
,,,BV1ziDpB9Exq,hot,hot:pn=11:ps=20,2026-04-09T13:11:53.543541+00:00,2026-04-09T13:11:53.543541+00:00,3546619609876957,21,2026-04-09T03:11:27+00:00,2437,150685.0,hot:pn=11:ps=20
,,,BV1iRD6BvEmi,hot,hot:pn=11:ps=20,2026-04-09T13:11:53.543541+00:00,2026-04-09T13:11:53.543541+00:00,208130286,21,2026-04-08T10:00:00+00:00,2247,571993.0,hot:pn=11:ps=20
,,,BV1WhDVBTEUf,hot,hot:pn=11:ps=20,2026-04-09T13:11:53.543541+00:00,2026-04-09T13:11:53.543541+00:00,668729267,138,2026-04-05T05:39:48+00:00,86,9339179.0,hot:pn=11:ps=20
,,,BV1VFDTBPEAx,hot,hot:pn=11:ps=20,2026-04-09T13:11:53.543541+00:00,2026-04-09T13:11:53.543541+00:00,14333871,182,2026-04-04T11:25:11+00:00,901,3984465.0,hot:pn=11:ps=20
,,,BV1oXD7BqEJ4,hot,hot:pn=11:ps=20,2026-04-09T13:11:53.543541+00:00,2026-04-09T13:11:53.543541+00:00,14079696,182,2026-04-09T03:30:00+00:00,4392,133538.0,hot:pn=11:ps=20
,,,BV1Bh9TBXE1J,hot,hot:pn=11:ps=20,2026-04-09T13:11:53.543541+00:00,2026-04-09T13:11:53.543541+00:00,7518140,126,2026-04-03T09:30:00+00:00,138,1947899.0,hot:pn=11:ps=20
,,,BV1aPDrBbEhw,hot,hot:pn=11:ps=20,2026-04-09T13:11:53.543541+00:00,2026-04-09T13:11:53.543541+00:00,650899373,228,2026-04-08T09:00:00+00:00,765,254503.0,hot:pn=11:ps=20
,,,BV1NFDYBFE1Y,hot,hot:pn=11:ps=20,2026-04-09T13:11:53.543541+00:00,2026-04-09T13:11:53.543541+00:00,355185219,172,2026-04-07T11:00:00+00:00,284,381407.0,hot:pn=11:ps=20
,,,BV1oGSoB5EuM,hot,hot:pn=11:ps=20,2026-04-09T13:11:53.543541+00:00,2026-04-09T13:11:53.543541+00:00,3537120488589915,17,2026-04-06T09:05:39+00:00,169,2077330.0,hot:pn=11:ps=20
,,,BV1HVSQBuEku,hot,hot:pn=11:ps=20,2026-04-09T13:11:53.543541+00:00,2026-04-09T13:11:53.543541+00:00,67004301,65,2026-04-06T08:30:00+00:00,157,669210.0,hot:pn=11:ps=20
,,,BV1ULDpBMECi,hot,hot:pn=11:ps=20,2026-04-09T13:11:53.543541+00:00,2026-04-09T13:11:53.543541+00:00,1837617,17,2026-04-09T10:00:00+00:00,1056,29704.0,hot:pn=11:ps=20
,,,BV1gsD7BoE7X,hot,hot:pn=11:ps=20,2026-04-09T13:11:53.543541+00:00,2026-04-09T13:11:53.543541+00:00,22697887,95,2026-04-08T14:57:03+00:00,121,274233.0,hot:pn=11:ps=20
,,,BV1UVSUBrEJb,hot,hot:pn=11:ps=20,2026-04-09T13:11:53.543541+00:00,2026-04-09T13:11:53.543541+00:00,471230821,256,2026-04-05T11:30:00+00:00,169,2461149.0,hot:pn=11:ps=20
,,,BV1NiD7BJEGz,hot,hot:pn=11:ps=20,2026-04-09T13:11:53.543541+00:00,2026-04-09T13:11:53.543541+00:00,1359243750,27,2026-04-08T13:27:55+00:00,103,110773.0,hot:pn=11:ps=20
,,,BV19cDEBwEwR,hot,hot:pn=11:ps=20,2026-04-09T13:11:53.543541+00:00,2026-04-09T13:11:53.543541+00:00,3493130514991457,47,2026-04-09T03:55:00+00:00,92,115133.0,hot:pn=11:ps=20
,,,BV1kh9uBhEnZ,hot,hot:pn=11:ps=20,2026-04-09T13:11:53.543541+00:00,2026-04-09T13:11:53.543541+00:00,3546930346985794,212,2026-04-03T09:57:20+00:00,43,2604030.0,hot:pn=11:ps=20
,,,BV12JDpBvEYQ,hot,hot:pn=11:ps=20,2026-04-09T13:11:53.543541+00:00,2026-04-09T13:11:53.543541+00:00,23237718,252,2026-04-09T04:38:07+00:00,824,97572.0,hot:pn=11:ps=20
,,,BV1GED4BXEMH,hot,hot:pn=11:ps=20,2026-04-09T13:11:53.543541+00:00,2026-04-09T13:11:53.543541+00:00,5017882,86,2026-04-09T10:33:43+00:00,508,40443.0,hot:pn=11:ps=20
,,,BV1zgDMBLEJ4,hot,hot:pn=11:ps=20,2026-04-09T13:11:53.543541+00:00,2026-04-09T13:11:53.543541+00:00,1114757060,201,2026-04-04T09:35:37+00:00,64,2214895.0,hot:pn=11:ps=20
,,,BV1aUDpB1Eiy,hot,hot:pn=12:ps=20,2026-04-09T13:11:53.543541+00:00,2026-04-09T13:11:53.543541+00:00,30502823,24,2026-04-09T03:30:00+00:00,111,226889.0,hot:pn=12:ps=20
,,,BV1dfSfBDEa8,hot,hot:pn=12:ps=20,2026-04-09T13:11:53.543541+00:00,2026-04-09T13:11:53.543541+00:00,63231,253,2026-04-06T11:38:04+00:00,853,3209116.0,hot:pn=12:ps=20
,,,BV13xSoBiEEQ,hot,hot:pn=12:ps=20,2026-04-09T13:11:53.543541+00:00,2026-04-09T13:11:53.543541+00:00,3546660724541656,21,2026-04-06T09:36:30+00:00,278,2473151.0,hot:pn=12:ps=20
,,,BV15RD7BTEWM,hot,hot:pn=12:ps=20,2026-04-09T13:11:53.543541+00:00,2026-04-09T13:11:53.543541+00:00,433587902,21,2026-04-08T13:34:15+00:00,84,602193.0,hot:pn=12:ps=20
,,,BV1BDSoBEEdP,hot,hot:pn=12:ps=20,2026-04-09T13:11:53.543541+00:00,2026-04-09T13:11:53.543541+00:00,11083481,138,2026-04-06T08:30:53+00:00,873,1326863.0,hot:pn=12:ps=20
,,,BV1jCDeBUEhZ,hot,hot:pn=12:ps=20,2026-04-09T13:11:53.543541+00:00,2026-04-09T13:11:53.543541+00:00,267599661,251,2026-04-07T10:58:48+00:00,1109,377451.0,hot:pn=12:ps=20
,,,BV1tCDjBREX1,hot,hot:pn=12:ps=20,2026-04-09T13:11:53.543541+00:00,2026-04-09T13:11:53.543541+00:00,3537122973714533,212,2026-04-08T09:20:00+00:00,472,321155.0,hot:pn=12:ps=20
,,,BV1aNDuBBEDA,hot,hot:pn=12:ps=20,2026-04-09T13:11:53.543541+00:00,2026-04-09T13:11:53.543541+00:00,572551785,172,2026-04-04T14:55:00+00:00,242,569891.0,hot:pn=12:ps=20
,,,BV1SrDABUEpE,hot,hot:pn=12:ps=20,2026-04-09T13:11:53.543541+00:00,2026-04-09T13:11:53.543541+00:00,26240675,17,2026-04-04T02:41:57+00:00,1218,3045758.0,hot:pn=12:ps=20
,,,BV1WZDjBLEn1,hot,hot:pn=12:ps=20,2026-04-09T13:11:53.543541+00:00,2026-04-09T13:11:53.543541+00:00,3494350986152882,172,2026-04-08T15:22:37+00:00,228,160544.0,hot:pn=12:ps=20
,,,BV1neDwBvE7p,hot,hot:pn=12:ps=20,2026-04-09T13:11:53.543541+00:00,2026-04-09T13:11:53.543541+00:00,499951416,17,2026-04-04T02:00:00+00:00,103,5031260.0,hot:pn=12:ps=20
,,,BV1QrDrBAEfx,hot,hot:pn=12:ps=20,2026-04-09T13:11:53.543541+00:00,2026-04-09T13:11:53.543541+00:00,3546572358945017,231,2026-04-08T09:00:00+00:00,183,1110978.0,hot:pn=12:ps=20
,,,BV1mb9wBSEsT,hot,hot:pn=12:ps=20,2026-04-09T13:11:53.543541+00:00,2026-04-09T13:11:53.543541+00:00,474853499,85,2026-04-03T10:40:00+00:00,167,2533344.0,hot:pn=12:ps=20
,,,BV1f7DvBsEvt,hot,hot:pn=12:ps=20,2026-04-09T13:11:53.543541+00:00,2026-04-09T13:11:53.543541+00:00,479820935,182,2026-04-07T10:15:00+00:00,4648,351820.0,hot:pn=12:ps=20
,,,BV13NSdBwEG7,hot,hot:pn=12:ps=20,2026-04-09T13:11:53.543541+00:00,2026-04-09T13:11:53.543541+00:00,476706561,228,2026-04-06T03:15:41+00:00,33737,796691.0,hot:pn=12:ps=20
,,,BV1jBSZBjEsp,hot,hot:pn=12:ps=20,2026-04-09T13:11:53.543541+00:00,2026-04-09T13:11:53.543541+00:00,423517587,243,2026-04-07T02:00:00+00:00,116,636329.0,hot:pn=12:ps=20
,,,BV1LHDHBLEfT,hot,hot:pn=12:ps=20,2026-04-09T13:11:53.543541+00:00,2026-04-09T13:11:53.543541+00:00,283691575,249,2026-04-08T21:20:03+00:00,692,362765.0,hot:pn=12:ps=20
,,,BV18QDaBvERh,hot,hot:pn=12:ps=20,2026-04-09T13:11:53.543541+00:00,2026-04-09T13:11:53.543541+00:00,15874359,212,2026-04-07T13:30:00+00:00,300,393163.0,hot:pn=12:ps=20
,,,BV1tcDvBTE4G,hot,hot:pn=12:ps=20,2026-04-09T13:11:53.543541+00:00,2026-04-09T13:11:53.543541+00:00,649661652,215,2026-04-07T10:09:51+00:00,350,654393.0,hot:pn=12:ps=20
,,,BV1PS9gBME1H,hot,hot:pn=12:ps=20,2026-04-09T13:11:53.543541+00:00,2026-04-09T13:11:53.543541+00:00,515782787,228,2026-04-04T00:00:00+00:00,72,5289275.0,hot:pn=12:ps=20
,,,BV1GdDiBEEyL,hot,hot:pn=13:ps=20,2026-04-09T13:11:53.543541+00:00,2026-04-09T13:11:53.543541+00:00,521202166,17,2026-04-07T14:45:56+00:00,242,537251.0,hot:pn=13:ps=20
,,,BV1y3DjB2EdS,hot,hot:pn=13:ps=20,2026-04-09T13:11:53.543541+00:00,2026-04-09T13:11:53.543541+00:00,145750219,182,2026-04-08T09:21:40+00:00,304,483994.0,hot:pn=13:ps=20
,,,BV1ACDJBpEBN,hot,hot:pn=13:ps=20,2026-04-09T13:11:53.543541+00:00,2026-04-09T13:11:53.543541+00:00,1754844979,21,2026-04-09T02:30:00+00:00,623,264362.0,hot:pn=13:ps=20
,,,BV1jRD6BvEgv,hot,hot:pn=13:ps=20,2026-04-09T13:11:53.543541+00:00,2026-04-09T13:11:53.543541+00:00,36416972,21,2026-04-08T09:00:00+00:00,394,693947.0,hot:pn=13:ps=20
,,,BV1TbDLBjEgB,hot,hot:pn=13:ps=20,2026-04-09T13:11:53.543541+00:00,2026-04-09T13:11:53.543541+00:00,245906475,161,2026-04-08T11:12:45+00:00,234,145014.0,hot:pn=13:ps=20
,,,BV1VRDLBbErc,hot,hot:pn=13:ps=20,2026-04-09T13:11:53.543541+00:00,2026-04-09T13:11:53.543541+00:00,1370130865,138,2026-04-08T10:19:36+00:00,91,467591.0,hot:pn=13:ps=20
,,,BV143DrB9Eqi,hot,hot:pn=13:ps=20,2026-04-09T13:11:53.543541+00:00,2026-04-09T13:11:53.543541+00:00,36909511,238,2026-04-08T09:00:00+00:00,1292,275211.0,hot:pn=13:ps=20
,,,BV1TTDzBUEsh,hot,hot:pn=13:ps=20,2026-04-09T13:11:53.543541+00:00,2026-04-09T13:11:53.543541+00:00,52717408,65,2026-04-08T02:36:10+00:00,400,650475.0,hot:pn=13:ps=20
,,,BV1T1SQB7E1u,hot,hot:pn=13:ps=20,2026-04-09T13:11:53.543541+00:00,2026-04-09T13:11:53.543541+00:00,498848688,65,2026-04-06T10:00:00+00:00,175,940488.0,hot:pn=13:ps=20
,,,BV1PqD7BUErS,hot,hot:pn=13:ps=20,2026-04-09T13:11:53.543541+00:00,2026-04-09T13:11:53.543541+00:00,22221294,17,2026-04-08T13:12:06+00:00,62,154835.0,hot:pn=13:ps=20
,,,BV1L1SDBbEtv,hot,hot:pn=13:ps=20,2026-04-09T13:11:53.543541+00:00,2026-04-09T13:11:53.543541+00:00,423240033,76,2026-04-05T12:42:48+00:00,97,582049.0,hot:pn=13:ps=20
,,,BV12JDpBvEM8,hot,hot:pn=13:ps=20,2026-04-09T13:11:53.543541+00:00,2026-04-09T13:11:53.543541+00:00,2104728,212,2026-04-09T09:00:00+00:00,866,29691.0,hot:pn=13:ps=20
,,,BV1saDPByEkF,hot,hot:pn=13:ps=20,2026-04-09T13:11:53.543541+00:00,2026-04-09T13:11:53.543541+00:00,3461572825450973,76,2026-04-04T04:00:00+00:00,212,1944673.0,hot:pn=13:ps=20
,,,BV1heDvByEQV,hot,hot:pn=13:ps=20,2026-04-09T13:11:53.543541+00:00,2026-04-09T13:11:53.543541+00:00,1724234889,124,2026-04-07T10:05:59+00:00,1272,424166.0,hot:pn=13:ps=20
,,,BV1bnDwB5Egn,hot,hot:pn=13:ps=20,2026-04-09T13:11:53.543541+00:00,2026-04-09T13:11:53.543541+00:00,1138195463,27,2026-04-03T22:25:49+00:00,141,7666435.0,hot:pn=13:ps=20
,,,BV14k9MBNENV,hot,hot:pn=13:ps=20,2026-04-09T13:11:53.543541+00:00,2026-04-09T13:11:53.543541+00:00,3546842807667088,215,2026-04-03T12:12:18+00:00,30,3099410.0,hot:pn=13:ps=20
,,,BV1J1D6BrEXm,hot,hot:pn=13:ps=20,2026-04-09T13:11:53.543541+00:00,2026-04-09T13:11:53.543541+00:00,1458767615,228,2026-04-08T08:45:00+00:00,613,276535.0,hot:pn=13:ps=20
,,,BV1rkD7BLEEC,hot,hot:pn=13:ps=20,2026-04-09T13:11:53.543541+00:00,2026-04-09T13:11:53.543541+00:00,3546866685839722,130,2026-04-08T13:03:07+00:00,108,66614.0,hot:pn=13:ps=20
,,,BV1FD9MBfEn5,hot,hot:pn=13:ps=20,2026-04-09T13:11:53.543541+00:00,2026-04-09T13:11:53.543541+00:00,2930404,208,2026-04-03T10:24:39+00:00,1833,1429241.0,hot:pn=13:ps=20
,,,BV1cX9MBtEvf,hot,hot:pn=13:ps=20,2026-04-09T13:11:53.543541+00:00,2026-04-09T13:11:53.543541+00:00,319521269,231,2026-04-04T04:00:00+00:00,856,642971.0,hot:pn=13:ps=20
,,,BV1fUSoBSE7S,hot,hot:pn=14:ps=20,2026-04-09T13:11:53.543541+00:00,2026-04-09T13:11:53.543541+00:00,1659651634,138,2026-04-06T08:33:23+00:00,164,1506044.0,hot:pn=14:ps=20
,,,BV1uqDvBkETa,hot,hot:pn=14:ps=20,2026-04-09T13:11:53.543541+00:00,2026-04-09T13:11:53.543541+00:00,321422126,138,2026-04-07T09:34:53+00:00,1039,747738.0,hot:pn=14:ps=20
,,,BV1V5D7BeEeS,hot,hot:pn=14:ps=20,2026-04-09T13:11:53.543541+00:00,2026-04-09T13:11:53.543541+00:00,1131457022,21,2026-04-08T14:34:08+00:00,22,697331.0,hot:pn=14:ps=20
,,,BV1UjSDB7Ezb,hot,hot:pn=14:ps=20,2026-04-09T13:11:53.543541+00:00,2026-04-09T13:11:53.543541+00:00,3493269774272811,21,2026-04-05T14:24:46+00:00,30,3510971.0,hot:pn=14:ps=20
,,,BV1s7DEBHEc3,hot,hot:pn=14:ps=20,2026-04-09T13:11:53.543541+00:00,2026-04-09T13:11:53.543541+00:00,3632300176705708,65,2026-04-08T12:46:53+00:00,84,414417.0,hot:pn=14:ps=20
,,,BV118DLB1ENA,hot,hot:pn=14:ps=20,2026-04-09T13:11:53.543541+00:00,2026-04-09T13:11:53.543541+00:00,156868538,65,2026-04-08T11:29:16+00:00,449,227911.0,hot:pn=14:ps=20
,,,BV15UDeBLEF1,hot,hot:pn=14:ps=20,2026-04-09T13:11:53.543541+00:00,2026-04-09T13:11:53.543541+00:00,38568774,172,2026-04-07T11:49:39+00:00,557,1185536.0,hot:pn=14:ps=20
,,,BV1iVD6BeEuk,hot,hot:pn=14:ps=20,2026-04-09T13:11:53.543541+00:00,2026-04-09T13:11:53.543541+00:00,47006834,172,2026-04-08T00:07:04+00:00,785,170520.0,hot:pn=14:ps=20
,,,BV1hgDuBNEwD,hot,hot:pn=14:ps=20,2026-04-09T13:11:53.543541+00:00,2026-04-09T13:11:53.543541+00:00,1143898753,215,2026-04-05T03:00:00+00:00,137,551335.0,hot:pn=14:ps=20
,,,BV1X2DuBzEJe,hot,hot:pn=14:ps=20,2026-04-09T13:11:53.543541+00:00,2026-04-09T13:11:53.543541+00:00,22035899,76,2026-04-04T14:09:07+00:00,27,1314384.0,hot:pn=14:ps=20
,,,BV1ju9wBYEiE,hot,hot:pn=14:ps=20,2026-04-09T13:11:53.543541+00:00,2026-04-09T13:11:53.543541+00:00,23154799,228,2026-04-02T22:30:00+00:00,129,1189164.0,hot:pn=14:ps=20
,,,BV1cEDqBYEim,hot,hot:pn=14:ps=20,2026-04-09T13:11:53.543541+00:00,2026-04-09T13:11:53.543541+00:00,216106659,183,2026-04-07T13:41:41+00:00,241,132896.0,hot:pn=14:ps=20
,,,BV1CyDHB8EKp,hot,hot:pn=14:ps=20,2026-04-09T13:11:53.543541+00:00,2026-04-09T13:11:53.543541+00:00,7957044,182,2026-04-09T09:00:00+00:00,2876,36829.0,hot:pn=14:ps=20
,,,BV1P49uBNEvZ,hot,hot:pn=14:ps=20,2026-04-09T13:11:53.543541+00:00,2026-04-09T13:11:53.543541+00:00,1119253352,182,2026-04-08T13:05:00+00:00,2024,146170.0,hot:pn=14:ps=20
,,,BV1yiDhBdERn,hot,hot:pn=14:ps=20,2026-04-09T13:11:53.543541+00:00,2026-04-09T13:11:53.543541+00:00,379028503,243,2026-04-07T03:58:18+00:00,4597,639144.0,hot:pn=14:ps=20
,,,BV1gsD7BoE4p,hot,hot:pn=14:ps=20,2026-04-09T13:11:53.543541+00:00,2026-04-09T13:11:53.543541+00:00,547072854,201,2026-04-08T14:56:41+00:00,206,251613.0,hot:pn=14:ps=20
,,,BV1pKDHBxE2k,hot,hot:pn=14:ps=20,2026-04-09T13:11:53.543541+00:00,2026-04-09T13:11:53.543541+00:00,283691575,249,2026-04-08T22:54:21+00:00,662,267762.0,hot:pn=14:ps=20
,,,BV11UDvBPEJ6,hot,hot:pn=14:ps=20,2026-04-09T13:11:53.543541+00:00,2026-04-09T13:11:53.543541+00:00,1836852453,27,2026-04-08T04:00:00+00:00,41,388511.0,hot:pn=14:ps=20
,,,BV11yDYBFEwG,hot,hot:pn=14:ps=20,2026-04-09T13:11:53.543541+00:00,2026-04-09T13:11:53.543541+00:00,339233162,228,2026-04-07T10:00:00+00:00,1716,443716.0,hot:pn=14:ps=20
,,,BV1G5DLBdEz4,hot,hot:pn=14:ps=20,2026-04-09T13:11:53.543541+00:00,2026-04-09T13:11:53.543541+00:00,174385946,243,2026-04-08T10:47:14+00:00,271,217924.0,hot:pn=14:ps=20
,,,BV19ZDKBvE7V,hot,hot:pn=15:ps=20,2026-04-09T13:11:53.543541+00:00,2026-04-09T13:11:53.543541+00:00,628547746,182,2026-04-05T09:00:59+00:00,1350,4764404.0,hot:pn=15:ps=20
,,,BV1XTDpBCExA,hot,hot:pn=15:ps=20,2026-04-09T13:11:53.543541+00:00,2026-04-09T13:11:53.543541+00:00,287551041,47,2026-04-09T10:05:00+00:00,147,46217.0,hot:pn=15:ps=20
,,,BV1wWDrB1Eka,hot,hot:pn=15:ps=20,2026-04-09T13:11:53.543541+00:00,2026-04-09T13:11:53.543541+00:00,238365787,21,2026-04-08T09:30:00+00:00,1007,373990.0,hot:pn=15:ps=20
,,,BV15zSZB1EMK,hot,hot:pn=15:ps=20,2026-04-09T13:11:53.543541+00:00,2026-04-09T13:11:53.543541+00:00,3632303408417140,21,2026-04-06T09:30:00+00:00,152,991646.0,hot:pn=15:ps=20
,,,BV1PNDvBeEmC,hot,hot:pn=15:ps=20,2026-04-09T13:11:53.543541+00:00,2026-04-09T13:11:53.543541+00:00,3546792949975540,138,2026-04-07T09:43:49+00:00,157,544035.0,hot:pn=15:ps=20
,,,BV1myDAB2Es5,hot,hot:pn=15:ps=20,2026-04-09T13:11:53.543541+00:00,2026-04-09T13:11:53.543541+00:00,8399798,161,2026-04-04T06:00:00+00:00,166,3044231.0,hot:pn=15:ps=20
,,,BV1aCDEBYEMR,hot,hot:pn=15:ps=20,2026-04-09T13:11:53.543541+00:00,2026-04-09T13:11:53.543541+00:00,375241551,65,2026-04-09T06:00:00+00:00,63,219373.0,hot:pn=15:ps=20
,,,BV1jzDeBHEtu,hot,hot:pn=15:ps=20,2026-04-09T13:11:53.543541+00:00,2026-04-09T13:11:53.543541+00:00,21869937,17,2026-04-07T10:54:40+00:00,1206,1090655.0,hot:pn=15:ps=20
,,,BV1PrDJB9Eux,hot,hot:pn=15:ps=20,2026-04-09T13:11:53.543541+00:00,2026-04-09T13:11:53.543541+00:00,472989774,121,2026-04-09T04:05:00+00:00,143,62150.0,hot:pn=15:ps=20
,,,BV1gDDaBKEwz,hot,hot:pn=15:ps=20,2026-04-09T13:11:53.543541+00:00,2026-04-09T13:11:53.543541+00:00,26113811,65,2026-04-07T09:00:00+00:00,107,794221.0,hot:pn=15:ps=20
,,,BV1ByDBBeEZA,hot,hot:pn=15:ps=20,2026-04-09T13:11:53.543541+00:00,2026-04-09T13:11:53.543541+00:00,3546620306131704,47,2026-04-08T04:00:00+00:00,83,104711.0,hot:pn=15:ps=20
,,,BV1vqSdBuEWM,hot,hot:pn=15:ps=20,2026-04-09T13:11:53.543541+00:00,2026-04-09T13:11:53.543541+00:00,3537111821060368,76,2026-04-06T02:52:19+00:00,269,329781.0,hot:pn=15:ps=20
,,,BV1619PB2ERi,hot,hot:pn=15:ps=20,2026-04-09T13:11:53.543541+00:00,2026-04-09T13:11:53.543541+00:00,14583962,228,2026-04-03T09:45:00+00:00,1021,2472105.0,hot:pn=15:ps=20
,,,BV1niDiBwE8Y,hot,hot:pn=15:ps=20,2026-04-09T13:11:53.543541+00:00,2026-04-09T13:11:53.543541+00:00,12913627,218,2026-04-07T14:34:06+00:00,97,387953.0,hot:pn=15:ps=20
,,,BV1eLDBBWEsv,hot,hot:pn=15:ps=20,2026-04-09T13:11:53.543541+00:00,2026-04-09T13:11:53.543541+00:00,3493269665221063,218,2026-04-07T19:04:17+00:00,233,194237.0,hot:pn=15:ps=20
,,,BV1UPDjBHEEQ,hot,hot:pn=15:ps=20,2026-04-09T13:11:53.543541+00:00,2026-04-09T13:11:53.543541+00:00,648113003,228,2026-04-08T08:45:17+00:00,2154,247588.0,hot:pn=15:ps=20
,,,BV1Bw9FB8EeY,hot,hot:pn=15:ps=20,2026-04-09T13:11:53.543541+00:00,2026-04-09T13:11:53.543541+00:00,3546860937545871,31,2026-04-02T14:29:40+00:00,18,3015088.0,hot:pn=15:ps=20
,,,BV1BxDjBTEiC,hot,hot:pn=15:ps=20,2026-04-09T13:11:53.543541+00:00,2026-04-09T13:11:53.543541+00:00,680677803,124,2026-04-08T10:00:00+00:00,621,114646.0,hot:pn=15:ps=20
,,,BV1eZD6BYEQF,hot,hot:pn=15:ps=20,2026-04-09T13:11:53.543541+00:00,2026-04-09T13:11:53.543541+00:00,373448384,222,2026-04-08T09:30:00+00:00,850,169878.0,hot:pn=15:ps=20
,,,BV1AqD7BUEUj,hot,hot:pn=15:ps=20,2026-04-09T13:11:53.543541+00:00,2026-04-09T13:11:53.543541+00:00,351085345,95,2026-04-08T13:22:39+00:00,696,304699.0,hot:pn=15:ps=20
,,,BV1MMDEBtEfH,hot,hot:pn=16:ps=20,2026-04-09T13:11:53.543541+00:00,2026-04-09T13:11:53.543541+00:00,298054634,138,2026-04-08T11:48:05+00:00,210,317743.0,hot:pn=16:ps=20
,,,BV17CDwBbEut,hot,hot:pn=16:ps=20,2026-04-09T13:11:53.543541+00:00,2026-04-09T13:11:53.543541+00:00,3913194,71,2026-04-04T11:31:12+00:00,2609,3154365.0,hot:pn=16:ps=20
,,,BV1zxDjBTEAA,hot,hot:pn=16:ps=20,2026-04-09T13:11:53.543541+00:00,2026-04-09T13:11:53.543541+00:00,86756464,21,2026-04-08T10:00:00+00:00,479,604100.0,hot:pn=16:ps=20
,,,BV19dD7BvEr1,hot,hot:pn=16:ps=20,2026-04-09T13:11:53.543541+00:00,2026-04-09T13:11:53.543541+00:00,35674508,21,2026-04-09T02:30:00+00:00,1041,120791.0,hot:pn=16:ps=20
,,,BV1eJDMBuEFS,hot,hot:pn=16:ps=20,2026-04-09T13:11:53.543541+00:00,2026-04-09T13:11:53.543541+00:00,38665940,250,2026-04-04T07:45:58+00:00,2428,1855831.0,hot:pn=16:ps=20
,,,BV1RADpBjEWM,hot,hot:pn=16:ps=20,2026-04-09T13:11:53.543541+00:00,2026-04-09T13:11:53.543541+00:00,10773628,121,2026-04-09T07:30:00+00:00,126,37522.0,hot:pn=16:ps=20
,,,BV1iJDGBRE9e,hot,hot:pn=16:ps=20,2026-04-09T13:11:53.543541+00:00,2026-04-09T13:11:53.543541+00:00,407221026,17,2026-04-05T00:06:03+00:00,440,1345073.0,hot:pn=16:ps=20
,,,BV1fWDjBBEiV,hot,hot:pn=16:ps=20,2026-04-09T13:11:53.543541+00:00,2026-04-09T13:11:53.543541+00:00,686127,17,2026-04-08T07:43:01+00:00,1407,690423.0,hot:pn=16:ps=20
,,,BV1qADiB9EA9,hot,hot:pn=16:ps=20,2026-04-09T13:11:53.543541+00:00,2026-04-09T13:11:53.543541+00:00,8878219,173,2026-04-08T02:00:00+00:00,1331,508844.0,hot:pn=16:ps=20
,,,BV18v9gBmEcT,hot,hot:pn=16:ps=20,2026-04-09T13:11:53.543541+00:00,2026-04-09T13:11:53.543541+00:00,1079111904,207,2026-04-03T14:38:59+00:00,231,1193869.0,hot:pn=16:ps=20
,,,BV1fxDzBvExJ,hot,hot:pn=16:ps=20,2026-04-09T13:11:53.543541+00:00,2026-04-09T13:11:53.543541+00:00,3706944191728591,228,2026-04-08T02:18:51+00:00,233,196259.0,hot:pn=16:ps=20
,,,BV1W6D7B2EF4,hot,hot:pn=16:ps=20,2026-04-09T13:11:53.543541+00:00,2026-04-09T13:11:53.543541+00:00,1428110495,95,2026-04-08T13:53:32+00:00,355,133407.0,hot:pn=16:ps=20
,,,BV1LXD7BBESG,hot,hot:pn=16:ps=20,2026-04-09T13:11:53.543541+00:00,2026-04-09T13:11:53.543541+00:00,488932,257,2026-04-08T13:59:45+00:00,40,89568.0,hot:pn=16:ps=20
,,,BV1AqD7BUEYv,hot,hot:pn=16:ps=20,2026-04-09T13:11:53.543541+00:00,2026-04-09T13:11:53.543541+00:00,28047632,235,2026-04-08T13:18:10+00:00,794,162687.0,hot:pn=16:ps=20
,,,BV1BqDeBXEKs,hot,hot:pn=16:ps=20,2026-04-09T13:11:53.543541+00:00,2026-04-09T13:11:53.543541+00:00,509162232,124,2026-04-07T11:12:37+00:00,150,387396.0,hot:pn=16:ps=20
,,,BV1X3SXBbERF,hot,hot:pn=16:ps=20,2026-04-09T13:11:53.543541+00:00,2026-04-09T13:11:53.543541+00:00,477379524,238,2026-04-06T00:35:00+00:00,442,442560.0,hot:pn=16:ps=20
,,,BV1cS9MB8Ez9,hot,hot:pn=16:ps=20,2026-04-09T13:11:53.543541+00:00,2026-04-09T13:11:53.543541+00:00,3494367664801943,176,2026-04-03T10:55:07+00:00,390,3590880.0,hot:pn=16:ps=20
,,,BV1J7DWBdEK9,hot,hot:pn=16:ps=20,2026-04-09T13:11:53.543541+00:00,2026-04-09T13:11:53.543541+00:00,1849477790,47,2026-04-09T02:08:59+00:00,637,79106.0,hot:pn=16:ps=20
,,,BV15wD3BEEqG,hot,hot:pn=16:ps=20,2026-04-09T13:11:53.543541+00:00,2026-04-09T13:11:53.543541+00:00,22770727,216,2026-04-05T00:30:00+00:00,350,2624781.0,hot:pn=16:ps=20
,,,BV1SfDLBRECv,hot,hot:pn=16:ps=20,2026-04-09T13:11:53.543541+00:00,2026-04-09T13:11:53.543541+00:00,178690106,95,2026-04-08T10:00:00+00:00,2210,349997.0,hot:pn=16:ps=20
,,,BV1LpDHByET6,hot,hot:pn=17:ps=20,2026-04-09T13:11:53.543541+00:00,2026-04-09T13:11:53.543541+00:00,417038183,138,2026-04-09T03:00:00+00:00,391,97695.0,hot:pn=17:ps=20
,,,BV1JgDHBXEWs,hot,hot:pn=17:ps=20,2026-04-09T13:11:53.543541+00:00,2026-04-09T13:11:53.543541+00:00,67299944,21,2026-04-08T22:43:44+00:00,160,207417.0,hot:pn=17:ps=20
,,,BV1Q1DrB8E8p,hot,hot:pn=17:ps=20,2026-04-09T13:11:53.543541+00:00,2026-04-09T13:11:53.543541+00:00,71923484,21,2026-04-08T04:54:08+00:00,131,287940.0,hot:pn=17:ps=20
,,,BV137DLB9EzP,hot,hot:pn=17:ps=20,2026-04-09T13:11:53.543541+00:00,2026-04-09T13:11:53.543541+00:00,403637371,65,2026-04-08T10:54:10+00:00,283,488111.0,hot:pn=17:ps=20
,,,BV1CsSUBPE7K,hot,hot:pn=17:ps=20,2026-04-09T13:11:53.543541+00:00,2026-04-09T13:11:53.543541+00:00,23336222,161,2026-04-05T08:58:34+00:00,181,502126.0,hot:pn=17:ps=20
,,,BV1PbXZBNExC,hot,hot:pn=17:ps=20,2026-04-09T13:11:53.543541+00:00,2026-04-09T13:11:53.543541+00:00,3691006534879284,17,2026-04-03T03:00:00+00:00,1675,3057185.0,hot:pn=17:ps=20
,,,BV1rTDHBREUA,hot,hot:pn=17:ps=20,2026-04-09T13:11:53.543541+00:00,2026-04-09T13:11:53.543541+00:00,343348,17,2026-04-09T03:30:00+00:00,484,157173.0,hot:pn=17:ps=20
,,,BV1czDLBzEdW,hot,hot:pn=17:ps=20,2026-04-09T13:11:53.543541+00:00,2026-04-09T13:11:53.543541+00:00,3690995833112992,65,2026-04-08T09:36:09+00:00,302,124309.0,hot:pn=17:ps=20
,,,BV1gRDeB3Eos,hot,hot:pn=17:ps=20,2026-04-09T13:11:53.543541+00:00,2026-04-09T13:11:53.543541+00:00,347441270,95,2026-04-08T02:00:00+00:00,1225,346060.0,hot:pn=17:ps=20
,,,BV1UP9ABREZ2,hot,hot:pn=17:ps=20,2026-04-09T13:11:53.543541+00:00,2026-04-09T13:11:53.543541+00:00,3546730274491161,228,2026-04-09T09:00:00+00:00,1022,30592.0,hot:pn=17:ps=20
,,,BV19WDYBkEoN,hot,hot:pn=17:ps=20,2026-04-09T13:11:53.543541+00:00,2026-04-09T13:11:53.543541+00:00,476639356,201,2026-04-07T05:32:13+00:00,50,875629.0,hot:pn=17:ps=20
,,,BV1t3DEBxEfA,hot,hot:pn=17:ps=20,2026-04-09T13:11:53.543541+00:00,2026-04-09T13:11:53.543541+00:00,15277160,31,2026-04-08T12:01:37+00:00,272,90657.0,hot:pn=17:ps=20
,,,BV1vaDjBAEGs,hot,hot:pn=17:ps=20,2026-04-09T13:11:53.543541+00:00,2026-04-09T13:11:53.543541+00:00,382759805,213,2026-04-08T09:30:00+00:00,289,97256.0,hot:pn=17:ps=20
,,,BV1ANDYBdEU7,hot,hot:pn=17:ps=20,2026-04-09T13:11:53.543541+00:00,2026-04-09T13:11:53.543541+00:00,30819051,95,2026-04-07T10:30:00+00:00,1848,126552.0,hot:pn=17:ps=20
,,,BV18QXYB3EEx,hot,hot:pn=17:ps=20,2026-04-09T13:11:53.543541+00:00,2026-04-09T13:11:53.543541+00:00,481153145,124,2026-04-05T13:00:00+00:00,307,592484.0,hot:pn=17:ps=20
,,,BV1RiDrBiECy,hot,hot:pn=17:ps=20,2026-04-09T13:11:53.543541+00:00,2026-04-09T13:11:53.543541+00:00,1202350411,212,2026-04-08T03:54:34+00:00,334,194610.0,hot:pn=17:ps=20
,,,BV1rXDcBYEPD,hot,hot:pn=17:ps=20,2026-04-09T13:11:53.543541+00:00,2026-04-09T13:11:53.543541+00:00,23955849,236,2026-04-09T04:00:00+00:00,982,102616.0,hot:pn=17:ps=20
,,,BV1izDaBCE1V,hot,hot:pn=17:ps=20,2026-04-09T13:11:53.543541+00:00,2026-04-09T13:11:53.543541+00:00,3706958481721897,76,2026-04-07T07:36:06+00:00,117,293518.0,hot:pn=17:ps=20
,,,BV1uVXZB5ECA,hot,hot:pn=17:ps=20,2026-04-09T13:11:53.543541+00:00,2026-04-09T13:11:53.543541+00:00,1111924041,233,2026-04-05T04:00:00+00:00,30,4598565.0,hot:pn=17:ps=20
,,,BV1HRD5BzEbu,hot,hot:pn=17:ps=20,2026-04-09T13:11:53.543541+00:00,2026-04-09T13:11:53.543541+00:00,7295246,243,2026-04-08T04:00:00+00:00,784,207374.0,hot:pn=17:ps=20
,,,BV1SK9NBwE23,hot,hot:pn=18:ps=20,2026-04-09T13:11:53.543541+00:00,2026-04-09T13:11:53.543541+00:00,3493088301419126,21,2026-04-03T04:02:18+00:00,313,741475.0,hot:pn=18:ps=20
,,,BV1CH9TBfEDq,hot,hot:pn=18:ps=20,2026-04-09T13:11:53.543541+00:00,2026-04-09T13:11:53.543541+00:00,220051309,21,2026-04-03T11:00:00+00:00,92,6320463.0,hot:pn=18:ps=20
,,,BV1Vu9FBREpk,hot,hot:pn=18:ps=20,2026-04-09T13:11:53.543541+00:00,2026-04-09T13:11:53.543541+00:00,327838817,183,2026-04-02T14:11:13+00:00,87,2149496.0,hot:pn=18:ps=20
,,,BV1FUSoBDEBL,hot,hot:pn=18:ps=20,2026-04-09T13:11:53.543541+00:00,2026-04-09T13:11:53.543541+00:00,236621565,138,2026-04-06T08:32:43+00:00,234,1638561.0,hot:pn=18:ps=20
,,,BV12cXfB3Erz,hot,hot:pn=18:ps=20,2026-04-09T13:11:53.543541+00:00,2026-04-09T13:11:53.543541+00:00,1098173832,138,2026-04-03T09:20:00+00:00,351,4218270.0,hot:pn=18:ps=20
,,,BV1rYDsBeErr,hot,hot:pn=18:ps=20,2026-04-09T13:11:53.543541+00:00,2026-04-09T13:11:53.543541+00:00,5415414,17,2026-04-09T06:21:47+00:00,1488,80695.0,hot:pn=18:ps=20
,,,BV11BDhBsEXV,hot,hot:pn=18:ps=20,2026-04-09T13:11:53.543541+00:00,2026-04-09T13:11:53.543541+00:00,401742377,172,2026-04-07T04:00:00+00:00,623,1569021.0,hot:pn=18:ps=20
,,,BV1s4DsBzEiv,hot,hot:pn=18:ps=20,2026-04-09T13:11:53.543541+00:00,2026-04-09T13:11:53.543541+00:00,204980022,17,2026-04-09T09:00:00+00:00,1287,49090.0,hot:pn=18:ps=20
,,,BV1AN9MBhE1D,hot,hot:pn=18:ps=20,2026-04-09T13:11:53.543541+00:00,2026-04-09T13:11:53.543541+00:00,671089519,172,2026-04-03T12:47:23+00:00,13,4296605.0,hot:pn=18:ps=20
,,,BV1ypDFBNEbS,hot,hot:pn=18:ps=20,2026-04-09T13:11:53.543541+00:00,2026-04-09T13:11:53.543541+00:00,26820129,47,2026-04-06T10:33:30+00:00,76,1500926.0,hot:pn=18:ps=20
,,,BV1HCDMBXEtX,hot,hot:pn=18:ps=20,2026-04-09T13:11:53.543541+00:00,2026-04-09T13:11:53.543541+00:00,342838,201,2026-04-04T15:39:24+00:00,983,1125261.0,hot:pn=18:ps=20
,,,BV1UKDEBZECH,hot,hot:pn=18:ps=20,2026-04-09T13:11:53.543541+00:00,2026-04-09T13:11:53.543541+00:00,3546981651712421,243,2026-04-09T00:00:00+00:00,200,1128613.0,hot:pn=18:ps=20
,,,BV1ZVSfBHEkR,hot,hot:pn=18:ps=20,2026-04-09T13:11:53.543541+00:00,2026-04-09T13:11:53.543541+00:00,626752044,213,2026-04-06T12:19:15+00:00,147,645604.0,hot:pn=18:ps=20
,,,BV1JRDYBpE2k,hot,hot:pn=18:ps=20,2026-04-09T13:11:53.543541+00:00,2026-04-09T13:11:53.543541+00:00,562242251,124,2026-04-07T04:04:58+00:00,44,642613.0,hot:pn=18:ps=20
,,,BV1KaSRB9EKA,hot,hot:pn=18:ps=20,2026-04-09T13:11:53.543541+00:00,2026-04-09T13:11:53.543541+00:00,1060544882,31,2026-04-06T04:20:07+00:00,162,303633.0,hot:pn=18:ps=20
,,,BV1JUDMBJEbg,hot,hot:pn=18:ps=20,2026-04-09T13:11:53.543541+00:00,2026-04-09T13:11:53.543541+00:00,379507419,124,2026-04-05T02:00:00+00:00,78,154962.0,hot:pn=18:ps=20
,,,BV1QnSRBcEUu,hot,hot:pn=18:ps=20,2026-04-09T13:11:53.543541+00:00,2026-04-09T13:11:53.543541+00:00,3706926166706979,31,2026-04-06T04:00:00+00:00,346,719157.0,hot:pn=18:ps=20
,,,BV1ePDFB7E8W,hot,hot:pn=18:ps=20,2026-04-09T13:11:53.543541+00:00,2026-04-09T13:11:53.543541+00:00,596842980,256,2026-04-06T10:30:43+00:00,332,964134.0,hot:pn=18:ps=20
,,,BV1kHDEBmErp,hot,hot:pn=18:ps=20,2026-04-09T13:11:53.543541+00:00,2026-04-09T13:11:53.543541+00:00,3493262484572295,130,2026-04-08T13:00:00+00:00,2286,89248.0,hot:pn=18:ps=20
,,,BV1od9KB2EmG,hot,hot:pn=18:ps=20,2026-04-09T13:11:53.543541+00:00,2026-04-09T13:11:53.543541+00:00,3493260093819171,158,2026-04-07T09:00:00+00:00,509,407178.0,hot:pn=18:ps=20
,,,BV18fDLBdE6s,hot,hot:pn=19:ps=20,2026-04-09T13:11:53.543541+00:00,2026-04-09T13:11:53.543541+00:00,3632319992694841,21,2026-04-08T10:00:00+00:00,511,208095.0,hot:pn=19:ps=20
,,,BV1hpDKBbEbT,hot,hot:pn=19:ps=20,2026-04-09T13:11:53.543541+00:00,2026-04-09T13:11:53.543541+00:00,3546910992369780,138,2026-04-04T05:06:48+00:00,316,4648467.0,hot:pn=19:ps=20
,,,BV161SoBQEJQ,hot,hot:pn=19:ps=20,2026-04-09T13:11:53.543541+00:00,2026-04-09T13:11:53.543541+00:00,3546568586169047,21,2026-04-06T08:26:20+00:00,33,797885.0,hot:pn=19:ps=20
,,,BV1ue9MB6E3F,hot,hot:pn=19:ps=20,2026-04-09T13:11:53.543541+00:00,2026-04-09T13:11:53.543541+00:00,28330240,162,2026-04-03T11:26:05+00:00,37,7055513.0,hot:pn=19:ps=20
,,,BV1j3D7BiEUn,hot,hot:pn=19:ps=20,2026-04-09T13:11:53.543541+00:00,2026-04-09T13:11:53.543541+00:00,168598,17,2026-04-09T04:00:00+00:00,2702,127605.0,hot:pn=19:ps=20
,,,BV1ULDpBMEEp,hot,hot:pn=19:ps=20,2026-04-09T13:11:53.543541+00:00,2026-04-09T13:11:53.543541+00:00,351859146,65,2026-04-09T03:57:51+00:00,598,100263.0,hot:pn=19:ps=20
,,,BV1FLDvBoE1g,hot,hot:pn=19:ps=20,2026-04-09T13:11:53.543541+00:00,2026-04-09T13:11:53.543541+00:00,339921671,65,2026-04-07T10:16:11+00:00,649,343853.0,hot:pn=19:ps=20
,,,BV1ZcSXBKEW2,hot,hot:pn=19:ps=20,2026-04-09T13:11:53.543541+00:00,2026-04-09T13:11:53.543541+00:00,1069246841,17,2026-04-06T01:17:16+00:00,7186,1011302.0,hot:pn=19:ps=20
,,,BV1CpSUBvEoj,hot,hot:pn=19:ps=20,2026-04-09T13:11:53.543541+00:00,2026-04-09T13:11:53.543541+00:00,373388923,85,2026-04-05T09:06:04+00:00,99,2563600.0,hot:pn=19:ps=20
,,,BV1XG93BHEim,hot,hot:pn=19:ps=20,2026-04-09T13:11:53.543541+00:00,2026-04-09T13:11:53.543541+00:00,638816489,124,2026-04-04T03:00:00+00:00,1486,2008246.0,hot:pn=19:ps=20
,,,BV1ufDeBBEHf,hot,hot:pn=19:ps=20,2026-04-09T13:11:53.543541+00:00,2026-04-09T13:11:53.543541+00:00,419872064,76,2026-04-07T10:00:00+00:00,564,262731.0,hot:pn=19:ps=20
,,,BV1ZGSoB5Ebq,hot,hot:pn=19:ps=20,2026-04-09T13:11:53.543541+00:00,2026-04-09T13:11:53.543541+00:00,439215872,122,2026-04-06T09:12:06+00:00,51,825838.0,hot:pn=19:ps=20
,,,BV1rPDkB7Eg3,hot,hot:pn=19:ps=20,2026-04-09T13:11:53.543541+00:00,2026-04-09T13:11:53.543541+00:00,346563107,124,2026-04-08T02:59:21+00:00,2235,438837.0,hot:pn=19:ps=20
,,,BV1BGDJBCEG1,hot,hot:pn=19:ps=20,2026-04-09T13:11:53.543541+00:00,2026-04-09T13:11:53.543541+00:00,22847880,29,2026-04-09T04:22:00+00:00,2279,40044.0,hot:pn=19:ps=20
,,,BV1FLDcBfEEv,hot,hot:pn=19:ps=20,2026-04-09T13:11:53.543541+00:00,2026-04-09T13:11:53.543541+00:00,253529474,59,2026-04-06T15:44:26+00:00,53,807809.0,hot:pn=19:ps=20
,,,BV1cTDhB2Ebw,hot,hot:pn=19:ps=20,2026-04-09T13:11:53.543541+00:00,2026-04-09T13:11:53.543541+00:00,1924115277,130,2026-04-07T03:54:47+00:00,287,85840.0,hot:pn=19:ps=20
,,,BV1jzDaBCEWo,hot,hot:pn=19:ps=20,2026-04-09T13:11:53.543541+00:00,2026-04-09T13:11:53.543541+00:00,604710494,182,2026-04-07T10:30:00+00:00,1191,366963.0,hot:pn=19:ps=20
,,,BV11DDABkEPF,hot,hot:pn=19:ps=20,2026-04-09T13:11:53.543541+00:00,2026-04-09T13:11:53.543541+00:00,3546846892919254,182,2026-04-04T02:30:39+00:00,3248,1098121.0,hot:pn=19:ps=20
,,,BV1EUD6BzE5R,hot,hot:pn=19:ps=20,2026-04-09T13:11:53.543541+00:00,2026-04-09T13:11:53.543541+00:00,25480023,95,2026-04-08T11:00:00+00:00,1924,143207.0,hot:pn=19:ps=20
,,,BV17mDLBPEP3,hot,hot:pn=19:ps=20,2026-04-09T13:11:53.543541+00:00,2026-04-09T13:11:53.543541+00:00,299250114,183,2026-04-08T10:25:04+00:00,426,65532.0,hot:pn=19:ps=20
,,,BV16hDnBJEsc,hot,hot:pn=20:ps=20,2026-04-09T13:11:53.543541+00:00,2026-04-09T13:11:53.543541+00:00,6689870,65,2026-04-08T23:42:36+00:00,152,192357.0,hot:pn=20:ps=20
,,,BV1t1DjBWECm,hot,hot:pn=20:ps=20,2026-04-09T13:11:53.543541+00:00,2026-04-09T13:11:53.543541+00:00,6468436,241,2026-04-08T10:00:00+00:00,812,243221.0,hot:pn=20:ps=20
,,,BV1nv9uBfE4J,hot,hot:pn=20:ps=20,2026-04-09T13:11:53.543541+00:00,2026-04-09T13:11:53.543541+00:00,516305899,21,2026-04-03T09:42:31+00:00,264,3139810.0,hot:pn=20:ps=20
,,,BV1Vh9gBnEdz,hot,hot:pn=20:ps=20,2026-04-09T13:11:53.543541+00:00,2026-04-09T13:11:53.543541+00:00,3632305488791690,21,2026-04-03T15:10:12+00:00,1621,309751.0,hot:pn=20:ps=20
,,,BV1GmSZB3Eu9,hot,hot:pn=20:ps=20,2026-04-09T13:11:53.543541+00:00,2026-04-09T13:11:53.543541+00:00,3546938874006079,138,2026-04-06T13:32:23+00:00,38,3776097.0,hot:pn=20:ps=20
,,,BV1y3DjB2Eqn,hot,hot:pn=20:ps=20,2026-04-09T13:11:53.543541+00:00,2026-04-09T13:11:53.543541+00:00,490042702,138,2026-04-08T09:16:02+00:00,1837,174720.0,hot:pn=20:ps=20
,,,BV1kRDvBFEwF,hot,hot:pn=20:ps=20,2026-04-09T13:11:53.543541+00:00,2026-04-09T13:11:53.543541+00:00,168598,17,2026-04-08T04:00:00+00:00,2492,353453.0,hot:pn=20:ps=20
,,,BV1PsDpBAEtw,hot,hot:pn=20:ps=20,2026-04-09T13:11:53.543541+00:00,2026-04-09T13:11:53.543541+00:00,392836434,171,2026-04-09T04:25:54+00:00,722,116881.0,hot:pn=20:ps=20
,,,BV1U9DaBPEya,hot,hot:pn=20:ps=20,2026-04-09T13:11:53.543541+00:00,2026-04-09T13:11:53.543541+00:00,519585291,17,2026-04-07T08:05:12+00:00,421,311951.0,hot:pn=20:ps=20
,,,BV1Be9TBDEgF,hot,hot:pn=20:ps=20,2026-04-09T13:11:53.543541+00:00,2026-04-09T13:11:53.543541+00:00,73528331,182,2026-04-03T09:00:00+00:00,850,3721501.0,hot:pn=20:ps=20
,,,BV193DiBEEaP,hot,hot:pn=20:ps=20,2026-04-09T13:11:53.543541+00:00,2026-04-09T13:11:53.543541+00:00,3546800279522160,243,2026-04-08T10:00:00+00:00,844,193753.0,hot:pn=20:ps=20
,,,BV1BvDnB2EBg,hot,hot:pn=20:ps=20,2026-04-09T13:11:53.543541+00:00,2026-04-09T13:11:53.543541+00:00,108618052,249,2026-04-08T23:17:08+00:00,688,162992.0,hot:pn=20:ps=20
,,,BV1cTDhB2EnQ,hot,hot:pn=20:ps=20,2026-04-09T13:11:53.543541+00:00,2026-04-09T13:11:53.543541+00:00,2283296,22,2026-04-08T09:00:00+00:00,133,43484.0,hot:pn=20:ps=20
,,,BV1RZSoBCEvP,hot,hot:pn=20:ps=20,2026-04-09T13:11:53.543541+00:00,2026-04-09T13:11:53.543541+00:00,289189019,228,2026-04-06T06:44:25+00:00,519,1147892.0,hot:pn=20:ps=20
,,,BV1r2SfBfERY,hot,hot:pn=20:ps=20,2026-04-09T13:11:53.543541+00:00,2026-04-09T13:11:53.543541+00:00,8263502,215,2026-04-06T11:02:13+00:00,958,557311.0,hot:pn=20:ps=20
,,,BV1Ns9uBiEHo,hot,hot:pn=20:ps=20,2026-04-09T13:11:53.543541+00:00,2026-04-09T13:11:53.543541+00:00,2175690,183,2026-04-03T09:23:18+00:00,271,7933375.0,hot:pn=20:ps=20
,,,BV1cTDhB2Esq,hot,hot:pn=20:ps=20,2026-04-09T13:11:53.543541+00:00,2026-04-09T13:11:53.543541+00:00,171651964,47,2026-04-07T03:52:25+00:00,251,332747.0,hot:pn=20:ps=20
,,,BV14kDvBuE2e,hot,hot:pn=20:ps=20,2026-04-09T13:11:53.543541+00:00,2026-04-09T13:11:53.543541+00:00,348618329,29,2026-04-07T09:28:42+00:00,2863,361315.0,hot:pn=20:ps=20
,,,BV1tfDeBBE8J,hot,hot:pn=20:ps=20,2026-04-09T13:11:53.543541+00:00,2026-04-09T13:11:53.543541+00:00,322480205,252,2026-04-07T09:57:44+00:00,84,1116855.0,hot:pn=20:ps=20
,,,BV1Zo9MB9EK1,hot,hot:pn=20:ps=20,2026-04-09T13:11:53.543541+00:00,2026-04-09T13:11:53.543541+00:00,316627722,228,2026-04-06T10:05:00+00:00,1035,959257.0,hot:pn=20:ps=20
